FirstName,LastName,Address,DoB,gender,ContactPhone,ContactEmail,ResidentialAddress,DivisionName
Moselle,Kaemena,649 Gina Pass,30/01/2024,F,275-466-6216,mkaemena0@google.co.uk,,Cowper
Kennith,Burlingham,5 Dottie Park,19/03/2024,M,885-646-3813,kburlingham1@barnesandnoble.com,426 77,Hinkler
Kathye,Noads,3 Hovde Circle,04/12/2023,F,755-522-3470,knoads2@patch.com,168 32,Bonner
Adolphus,Bourke,94 Fordem Park,18/06/2024,M,303-340-9396,abourke3@ocn.ne.jp,,Lyons
Kathleen,Robathon,7708 Nova Trail,26/08/2024,F,296-772-7663,krobathon4@typepad.com,21083 CEDEX 9,Scullin
Rikki,Myers,8 Eagle Crest Point,10/02/2024,M,885-615-8562,rmyers5@tuttocitta.it,92822 CEDEX,Farrer
Shannon,Franke,830 Gale Street,01/04/2024,F,308-718-5963,sfranke6@howstuffworks.com,,Dawson
Abba,Hext,0438 Mifflin Junction,16/04/2024,M,903-566-3446,ahext7@joomla.org,,Lilley
Henryetta,Brimmacombe,6053 Bartillon Lane,03/10/2023,F,169-786-9057,hbrimmacombe8@nydailynews.com,678450,Calwell
Eleni,Garvie,091 Mayfield Parkway,30/01/2024,F,800-296-8836,egarvie9@accuweather.com,,Fairfax
Omero,Aseef,1 Meadow Vale Parkway,01/03/2024,M,625-592-0038,oaseefa@washington.edu,756 12,Cook
Anatole,Hazelgreave,0 Westerfield Terrace,08/11/2023,M,720-783-9498,ahazelgreaveb@examiner.com,,Goldstein
Ephraim,Matuszkiewicz,3902 Kings Trail,10/06/2024,M,964-710-2055,ematuszkiewiczc@google.com.hk,783 97,La Trobe
Zebedee,Lowten,36 Hoepker Crossing,30/06/2024,M,878-964-0908,zlowtend@hugedomains.com,21120,Farrer
Tucker,Delf,98 Steensland Junction,24/06/2024,M,175-164-2627,tdelfe@drupal.org,4785-025,Cooper
Davis,Johnke,2 Sunnyside Hill,11/01/2024,M,795-268-1231,djohnkef@craigslist.org,44-196,Sydney
Shoshanna,Playden,25131 Nelson Drive,24/03/2024,F,356-206-1274,splaydeng@etsy.com,98-285,Chifley
Harriette,Winteringham,0748 Michigan Place,06/09/2023,F,651-579-9421,hwinteringhamh@google.nl,,Parkes
Edgardo,Sleit,79 Stang Avenue,04/08/2024,M,275-754-5731,esleiti@naver.com,,Whitlam
Emiline,Carayol,59 Jenna Point,08/10/2023,F,545-640-0468,ecarayolj@shop-pro.jp,618 30,Lingiari
Stephie,Seth,320 Ryan Street,12/07/2024,F,637-984-4972,ssethk@lycos.com,569 91,Bowman
Claudianus,Caltun,4657 Old Gate Point,30/04/2024,M,645-252-0452,ccaltunl@mashable.com,,Ballarat
Eunice,Kolis,373 Butternut Pass,24/11/2023,F,965-591-2590,ekolism@nhs.uk,8340,Brisbane
Alane,Rallinshaw,945 Bashford Circle,10/03/2024,F,177-481-9800,arallinshawn@yelp.com,,Maribyrnong
Siward,McGeagh,47 Sommers Road,15/10/2023,M,731-193-8813,smcgeagho@nifty.com,,Isaacs
Barney,Phear,76352 Elgar Place,23/06/2024,M,908-631-1412,bphearp@mapy.cz,,Canberra
Leelah,MacEnelly,71 Summerview Alley,01/01/2024,F,154-813-5456,lmacenellyq@dyndns.org,,Wentworth
Aldo,Kenewel,84790 Esker Alley,08/07/2024,M,724-407-8154,akenewelr@springer.com,143570,Hughes
Lorianna,Dimock,9 Banding Plaza,14/02/2024,F,163-275-3119,ldimocks@yahoo.com,,Jagajaga
Emmery,Echalier,68 Union Park,19/07/2024,M,888-924-1581,eechaliert@deviantart.com,969-1783,Bradfield
Janella,Lyall,850 Longview Court,15/05/2024,F,918-620-5249,jlyallu@reverbnation.com,,Lyne
Briny,McGhee,86496 Logan Crossing,28/10/2023,F,181-331-2171,bmcgheev@virginia.edu,907 04,Capricornia
Alano,Willows,72 Kim Parkway,16/07/2024,M,679-535-8179,awillowsw@blinklist.com,,Indi
Olivier,Kender,97 Lakewood Gardens Road,16/12/2023,M,446-495-1195,okenderx@wix.com,,Mitchell
Aldric,Domeny,366 Darwin Avenue,09/11/2023,M,744-417-7773,adomenyy@yahoo.co.jp,889-3151,Lingiari
Dimitry,Rattery,0790 Petterle Trail,13/11/2023,M,419-619-3852,dratteryz@boston.com,259-0318,Fairfax
Rosanne,Hackworthy,1382 Golden Leaf Place,01/12/2023,F,317-760-3338,rhackworthy10@mit.edu,,Riverina
Giovanna,Sugarman,20985 Waubesa Way,10/08/2024,F,889-163-9341,gsugarman11@answers.com,,Moncrieff
Bevon,Serle,2136 Ramsey Trail,03/11/2023,M,358-381-9088,bserle12@etsy.com,,La Trobe
Tiffanie,Borborough,021 Killdeer Way,06/09/2023,F,658-210-1749,tborborough13@seesaa.net,,Canberra
Jordana,O'Kerin,536 Carpenter Drive,04/07/2024,F,425-561-3246,jokerin14@blog.com,,Hughes
Merrel,McKeaney,5 East Terrace,03/07/2024,M,182-786-3865,mmckeaney15@goo.gl,141707,Cowan
Vic,Saltsberger,98088 Mitchell Avenue,09/04/2024,M,144-100-1029,vsaltsberger16@state.gov,,Shortland
Jessamine,Beldom,4605 Dixon Junction,17/02/2024,F,699-946-3800,jbeldom17@techcrunch.com,997-1204,Swan
Neil,Harsum,3 Commercial Court,19/02/2024,M,239-750-7744,nharsum18@whitehouse.gov,661 42,Forrest
Laurel,Betteridge,6 Carberry Pass,27/06/2024,F,144-873-7599,lbetteridge19@dion.ne.jp,51508,Ballarat
Glyn,Gunter,74 Sunbrook Drive,09/04/2024,M,827-833-1055,ggunter1a@google.it,694060,McMahon
Shantee,Orpen,522 Straubel Trail,08/02/2024,F,815-169-4766,sorpen1b@wikimedia.org,,Lyne
Bee,Grannell,38 Surrey Road,16/09/2023,F,623-146-1315,bgrannell1c@fema.gov,2604,Fisher
Elsy,Jackson,499 Forster Road,21/01/2024,F,303-315-0162,ejackson1d@feedburner.com,50009 CEDEX,Pearce
Yehudit,Rodgers,82 Heffernan Park,11/11/2023,M,402-571-9124,yrodgers1e@shinystat.com,68144,Hotham
Tann,Eakeley,832 Kropf Park,20/01/2024,M,593-935-8238,teakeley1f@yellowpages.com,,Banks
Cully,Boatman,7883 Loftsgordon Drive,16/09/2023,M,259-565-3324,cboatman1g@google.pl,353421,Dickson
Fairfax,Ackerley,2 Green Ridge Alley,13/04/2024,M,278-982-8931,fackerley1h@istockphoto.com,95710,McMahon
Christoffer,Freiberg,18 Northport Court,19/04/2024,M,915-305-3679,cfreiberg1i@microsoft.com,,Forrest
Vinny,Dominick,3686 Welch Center,05/05/2024,M,213-364-9941,vdominick1j@foxnews.com,51130,Monash
Annette,Giovanni,837 Burrows Terrace,22/06/2024,F,874-339-1781,agiovanni1k@buzzfeed.com,5101,Isaacs
Drona,Waldron,1987 Kedzie Drive,06/11/2023,F,152-201-2841,dwaldron1l@unesco.org,,Werriwa
Vlad,Lawler,498 Corry Place,11/01/2024,M,587-143-5081,vlawler1m@noaa.gov,,Mayo
Jarib,Palay,73097 Barnett Crossing,14/10/2023,M,311-800-1462,jpalay1n@baidu.com,2512,Forrest
Irvine,Kunzler,1868 Chinook Way,01/04/2024,M,551-942-4193,ikunzler1o@apple.com,,Chifley
Shelagh,Roote,0055 Onsgard Place,15/03/2024,F,915-649-0799,sroote1p@goo.gl,88525,Grey
Baird,Glinde,28405 Summit Circle,22/07/2024,M,502-944-9349,bglinde1q@barnesandnoble.com,30110,Wannon
Tannie,O'Ferris,4573 Summerview Crossing,07/11/2023,M,397-292-1521,toferris1r@bravesites.com,,Dunkley
Hube,Bradden,4 Forster Way,25/09/2023,M,945-812-7269,hbradden1s@sina.com.cn,1440,Eden-Monaro
Nevil,Bambery,7 Raven Road,16/06/2024,M,134-951-5170,nbambery1t@mapquest.com,N37,Watson
Imelda,Morfell,6810 Hansons Pass,16/07/2024,F,550-130-3713,imorfell1u@360.cn,,Holt
Ryann,Rabjohn,258 Sherman Street,04/09/2023,F,978-879-7080,rrabjohn1v@ovh.net,57751 CEDEX 9,Cook
Jonie,Kuhn,2961 Lighthouse Bay Plaza,28/03/2024,F,394-248-7991,jkuhn1w@pen.io,5145,Warringah
Johnathan,Gregson,89 Graedel Lane,25/02/2024,M,280-752-7666,jgregson1x@yellowbook.com,S9A,Tangney
Belicia,Godsafe,5 Sage Circle,20/07/2024,F,491-211-3742,bgodsafe1y@about.com,5828,Petrie
Rock,Battista,9366 Goodland Crossing,13/03/2024,M,123-531-8437,rbattista1z@columbia.edu,,Werriwa
Gertie,Harmar,91 Eastwood Alley,23/11/2023,F,447-307-3402,gharmar20@paginegialle.it,,Higgins
Moore,Burnyeat,5086 Ludington Trail,25/07/2024,M,707-461-8217,mburnyeat21@forbes.com,9017,Curtin
Myrlene,MacIlhagga,72 Jenna Point,06/03/2024,F,822-576-6000,mmacilhagga22@icq.com,,Monash
Christiana,Tomasi,84307 Sheridan Point,06/05/2024,F,941-469-3912,ctomasi23@yellowbook.com,1430,Hughes
Marybelle,Danskine,0 Troy Park,01/06/2024,F,338-362-8198,mdanskine24@yahoo.com,250 91,Durack
Ashbey,Cornew,41 Moose Center,16/10/2023,M,757-543-5417,acornew25@angelfire.com,4775-446,Moncrieff
Mayne,Lorraine,94057 Namekagon Court,03/03/2024,M,584-326-3299,mlorraine26@dion.ne.jp,,Wright
Filmer,Ingraham,29 Bartelt Drive,22/03/2024,M,465-731-0445,fingraham27@google.com.br,,Robertson
Vanny,Dashkov,418 Maywood Park,30/08/2024,F,509-160-1350,vdashkov28@chronoengine.com,,Hume
Etti,Antusch,38 Hoard Trail,29/10/2023,F,310-788-5183,eantusch29@independent.co.uk,4775-074,Mayo
Porty,McArdell,554 Merchant Parkway,20/06/2024,M,700-907-0888,pmcardell2a@forbes.com,77544 CEDEX,Riverina
Reggie,Partleton,5 Lindbergh Junction,07/08/2024,M,603-931-6930,rpartleton2b@lulu.com,664 05,Shortland
Sorcha,Hills,1451 Monterey Court,16/01/2024,F,972-452-3831,shills2c@marketwatch.com,26-330,Gorton
Annabell,Grumley,686 Truax Point,30/06/2024,F,274-101-1272,agrumley2d@mayoclinic.com,462 73,Calare
Bennie,Conningham,0519 Saint Paul Place,06/08/2024,M,148-272-1769,bconningham2e@redcross.org,,Corangamite
Florian,Ewen,699 Oakridge Pass,19/06/2024,M,372-391-9022,fewen2f@lulu.com,,Sturt
Hedda,Pontin,23544 Summit Court,18/02/2024,F,573-707-3532,hpontin2g@nifty.com,,Blair
Walliw,Jaulme,70 East Point,29/02/2024,F,872-520-3800,wjaulme2h@netvibes.com,501007,Barton
Gay,Teale,57 Main Hill,20/06/2024,F,511-504-9431,gteale2i@prweb.com,,Longman
Kelsey,Castilljo,73431 Dwight Parkway,21/10/2023,M,551-749-6283,kcastilljo2j@amazon.co.jp,7541,La Trobe
Shoshanna,Farnill,771 Almo Circle,08/11/2023,F,569-653-0561,sfarnill2k@t.co,,La Trobe
Alonzo,Priver,3671 North Street,17/06/2024,M,570-304-1394,apriver2l@marketwatch.com,369236,Lyne
Peria,Smitheram,6211 7th Street,24/05/2024,F,305-497-9866,psmitheram2m@earthlink.net,33175,Indi
Flori,Shropsheir,0439 Ryan Crossing,27/05/2024,F,525-806-3626,fshropsheir2n@hhs.gov,361203,Fowler
Constantina,Ucceli,687 Alpine Place,20/08/2024,F,643-376-1835,cucceli2o@wix.com,8703,Dawson
Roshelle,Wile,178 5th Hill,18/06/2024,F,916-173-9417,rwile2p@t-online.de,58181,Barton
Bil,Searjeant,88 Northland Park,29/04/2024,M,893-967-3253,bsearjeant2q@wunderground.com,5180-015,Bowman
Cyndy,Pook,682 Johnson Trail,14/12/2023,F,619-383-3940,cpook2r@patch.com,5340-197,Bonner
Bay,Fissenden,31549 Prairieview Terrace,20/09/2023,M,114-156-7702,bfissenden2s@cisco.com,10560,Flynn
Mead,Rissom,27829 Bartillon Court,27/01/2024,F,323-331-3031,mrissom2t@hud.gov,22006,Lindsay
Arie,Zoppie,7826 Dayton Place,11/03/2024,M,448-998-0889,azoppie2u@telegraph.co.uk,,Adelaide
Reuben,Chaldecott,9328 Amoth Street,17/02/2024,M,274-698-5445,rchaldecott2v@wordpress.org,9421,Gorton
Nicoli,Prantoni,918 Cambridge Trail,05/06/2024,F,778-292-4279,nprantoni2w@amazon.co.uk,44958 CEDEX 9,North Sydney
Belva,Sabatier,69667 Mesta Terrace,05/07/2024,F,371-662-4884,bsabatier2x@blog.com,35900-000,Hunter
Clement,Salomon,117 Lotheville Hill,30/04/2024,M,245-763-2520,csalomon2y@taobao.com,,Monash
Emmaline,Fairy,17 Arkansas Drive,19/02/2024,F,481-100-3710,efairy2z@scribd.com,40612,Dunkley
Nevil,Gillio,58 Pine View Drive,10/11/2023,M,158-313-2954,ngillio30@ezinearticles.com,8570,Lingiari
Moishe,MacDonagh,67570 Corry Alley,27/12/2023,M,249-635-0714,mmacdonagh31@salon.com,628251,Bowman
Misha,Bruckental,2 Warrior Alley,09/10/2023,F,671-107-4318,mbruckental32@1688.com,,Paterson
Maxim,Elnough,54429 Sage Pass,30/12/2023,M,595-257-4924,melnough33@washington.edu,,Higgins
Titos,Allington,724 Redwing Trail,24/11/2023,M,262-791-8607,tallington34@jigsy.com,772 00,Lindsay
Lorinda,Demke,82 Maywood Road,25/04/2024,F,973-495-2198,ldemke35@livejournal.com,,Macquarie
Christie,Shearmur,4788 Rusk Drive,11/10/2023,F,609-639-5100,cshearmur36@elpais.com,644002,Kooyong
Adolpho,Sharpling,658 Fair Oaks Park,16/07/2024,M,496-811-1075,asharpling37@goo.gl,356403,Hume
Gonzalo,Duplan,0 Petterle Trail,24/02/2024,M,319-494-6354,gduplan38@apache.org,,Wannon
Eileen,Humburton,965 Annamark Trail,05/05/2024,F,577-712-1199,ehumburton39@cnet.com,,Casey
Lucilia,Keepin,6 Stephen Alley,31/03/2024,F,480-510-3503,lkeepin3a@pen.io,,Oxley
Cos,Longmead,4 Quincy Alley,09/10/2023,M,705-961-7346,clongmead3b@fc2.com,431226,Indi
Cacilia,Bagnold,38900 American Plaza,25/01/2024,F,499-960-4273,cbagnold3c@newsvine.com,,Goldstein
Dwain,Sanderson,52 Mariners Cove Lane,06/05/2024,M,122-703-5242,dsanderson3d@eventbrite.com,L-8165,Pearce
Nonna,Glennie,6334 Service Place,14/12/2023,F,960-192-1723,nglennie3e@state.tx.us,,Barker
Cull,Abys,71 Cardinal Park,04/11/2023,M,505-321-3481,cabys3f@vimeo.com,,Melbourne
Becky,Slayford,9 Garrison Way,24/10/2023,F,131-887-7156,bslayford3g@quantcast.com,19970-000,Mackellar
Delmar,Judd,2792 Park Meadow Avenue,21/12/2023,M,229-350-8813,djudd3h@alexa.com,353567,Canning
Jessie,Leffek,44968 Melby Place,15/10/2023,F,342-393-7052,jleffek3i@microsoft.com,678986,Ryan
Rosanna,Alliott,82334 Jackson Avenue,24/03/2024,F,990-125-1947,ralliott3j@seattletimes.com,142279,Kennedy
Conni,Maypes,98 Bobwhite Drive,09/10/2023,F,976-199-5032,cmaypes3k@ca.gov,,Macquarie
Urbain,Rought,96203 Village Green Street,21/04/2024,M,903-388-6284,urought3l@yandex.ru,,Canberra
Chris,Ugolotti,1 Ridgeview Place,23/04/2024,F,495-412-2830,cugolotti3m@4shared.com,,Sturt
Meghann,Pankettman,39488 Esch Circle,24/07/2024,F,385-573-1167,mpankettman3n@diigo.com,,Hawke
Ulrica,Core,82666 Tennessee Plaza,13/04/2024,F,517-399-5800,ucore3o@home.pl,184653,Lingiari
Michael,Schwieso,0306 Graceland Parkway,21/08/2024,M,512-663-8145,mschwieso3p@stanford.edu,78759,Fremantle
Ware,Graysmark,59 Mariners Cove Plaza,27/05/2024,M,889-227-4374,wgraysmark3q@google.ru,,Braddon
Gerri,Kelway,007 Heath Circle,20/11/2023,M,792-135-7951,gkelway3r@yelp.com,,Kingston
Archaimbaud,Sargint,11530 Heffernan Court,05/10/2023,M,975-560-9135,asargint3s@delicious.com,632498,Watson
Demetria,Pabelik,87 Moulton Parkway,03/09/2023,F,305-636-8154,dpabelik3t@hubpages.com,10303,Brisbane
Jilleen,Leonarde,23 Rowland Court,22/04/2024,F,105-312-6821,jleonarde3u@xing.com,,O'Connor
Esta,Lempke,7623 Dorton Avenue,15/01/2024,F,744-752-0962,elempke3v@slate.com,,Braddon
Dorie,McGoldrick,7874 Brentwood Way,03/12/2023,M,864-568-3662,dmcgoldrick3w@xinhuanet.com,,Hume
Salvidor,Juzek,289 Eggendart Terrace,10/04/2024,M,432-481-6271,sjuzek3x@economist.com,,Grey
Mischa,Pitway,78347 Becker Way,03/07/2024,M,706-633-0691,mpitway3y@yolasite.com,,Herbert
Felicle,Henstone,6072 Rieder Point,14/06/2024,F,606-386-6667,fhenstone3z@indiegogo.com,0130,Wills
Meade,Keave,5 Mitchell Drive,02/06/2024,M,790-924-6756,mkeave40@dagondesign.com,,Bonner
Cozmo,Battaille,346 Delaware Trail,06/08/2024,M,367-991-6423,cbattaille41@npr.org,118 92,Berowra
Brynne,Latour,64 Scott Place,31/05/2024,F,525-800-8952,blatour42@surveymonkey.com,,Goldstein
Tine,DelaField,9378 Muir Parkway,09/04/2024,F,850-554-9509,tdelafield43@joomla.org,,Leichhardt
Allie,Cullerne,88 Michigan Hill,29/01/2024,M,719-818-1876,acullerne44@naver.com,,Gippsland
Ashton,Kort,925 Bunker Hill Drive,16/05/2024,M,152-265-0941,akort45@ed.gov,,Burt
Emmet,Izen,710 Pawling Lane,02/06/2024,M,708-780-9922,eizen46@tamu.edu,184 70,Hinkler
Darlene,Sparshott,34 Village Green Terrace,23/09/2023,F,861-333-2868,dsparshott47@cmu.edu,3530,Bonner
Ibby,Dadswell,9808 Scott Road,26/12/2023,F,382-629-9213,idadswell48@goo.gl,671836,Clark
Herta,Puxley,452 Mcbride Parkway,05/12/2023,F,646-794-4179,hpuxley49@wikispaces.com,,Brisbane
Carol,Phear,60971 Leroy Place,06/09/2023,F,106-312-3659,cphear4a@squarespace.com,26-010,Lindsay
Karie,Griffe,09 John Wall Terrace,15/01/2024,F,524-732-8886,kgriffe4b@vkontakte.ru,98828,Page
Raeann,Drewery,1854 Loeprich Parkway,15/11/2023,F,135-918-7052,rdrewery4c@slideshare.net,,Grey
Walt,Arnowitz,0 Oak Valley Junction,08/04/2024,M,559-468-5654,warnowitz4d@yahoo.com,38000-000,Parramatta
Dusty,Beebee,45796 Mesta Hill,01/08/2024,F,838-599-7562,dbeebee4e@typepad.com,,McEwen
Egan,Rehorek,6 Michigan Circle,01/01/2024,M,792-169-4020,erehorek4f@mit.edu,05-094,Watson
Daria,Ridde,709 Dexter Road,26/06/2024,F,743-684-1440,dridde4g@bloomberg.com,77986 CEDEX,Herbert
Nikki,Leverett,579 Erie Lane,29/09/2023,M,572-131-8925,nleverett4h@sciencedaily.com,59865 CEDEX 9,Higgins
Hamish,Maiklem,417 Rockefeller Court,06/09/2023,M,232-885-2469,hmaiklem4i@fotki.com,,Canberra
Ronny,Banthorpe,07 Lotheville Pass,01/07/2024,F,669-287-0486,rbanthorpe4j@blogtalkradio.com,,Deakin
Killian,Garralts,47282 Riverside Trail,10/09/2023,M,125-553-1383,kgarralts4k@scribd.com,5805,Casey
Fanchette,Bygrave,18 Hansons Plaza,12/11/2023,F,681-291-5413,fbygrave4l@nih.gov,47-470,Kooyong
Cesar,Sorrel,42981 Annamark Road,01/07/2024,M,944-156-4059,csorrel4m@cbslocal.com,V3B,Werriwa
Illa,Digby,8373 Almo Parkway,17/09/2023,F,517-285-2474,idigby4n@google.com.br,,Chisholm
Paxton,Curzon,92 Montana Center,15/12/2023,M,197-352-3456,pcurzon4o@flickr.com,349 01,Indi
Kelly,Coche,9675 Killdeer Junction,29/10/2023,F,810-179-3985,kcoche4p@soup.io,,Bean
Laird,Woolpert,0155 Menomonie Center,30/11/2023,M,486-179-9839,lwoolpert4q@sakura.ne.jp,,Parramatta
Fredia,Morse,59 Corry Junction,22/05/2024,F,170-900-4530,fmorse4r@instagram.com,1064,Ballarat
Kinny,Tales,7 Mariners Cove Point,04/03/2024,M,437-292-8088,ktales4s@globo.com,,Fowler
Abbie,Clappson,4577 Lien Plaza,09/11/2023,M,453-378-6600,aclappson4t@hexun.com,,Boothby
Abbott,Fencott,6765 Redwing Pass,22/08/2024,M,219-180-2434,afencott4u@noaa.gov,8031,Dickson
Kirstyn,Carlile,8409 Old Gate Parkway,12/09/2023,F,753-251-3799,kcarlile4v@tmall.com,,Grayndler
Skyler,Bogies,76083 Dahle Court,19/06/2024,M,710-502-0410,sbogies4w@bbc.co.uk,5101,Kooyong
Polly,Yesenev,0326 Mayer Point,16/03/2024,F,359-542-8066,pyesenev4x@theglobeandmail.com,175038,Sydney
Arleyne,Adel,557 Trailsway Point,30/03/2024,F,149-880-9950,aadel4y@unicef.org,,Barker
Ibby,Hiom,86 Forest Center,16/11/2023,F,429-202-8719,ihiom4z@techcrunch.com,1047,Greenway
Bobbette,Firman,39452 Stang Hill,03/06/2024,F,857-646-9873,bfirman50@patch.com,,Macquarie
Ivie,Gorringe,91244 Lawn Court,03/06/2024,F,171-947-2839,igorringe51@last.fm,,Gilmore
Romona,Fuchs,2 Mcbride Park,13/11/2023,F,709-483-6299,rfuchs52@xrea.com,34114 CEDEX,Mackellar
Malvina,Van Bruggen,6 Pleasure Street,10/11/2023,F,413-717-8119,mvanbruggen53@livejournal.com,,Wide Bay
Deane,Radbourne,9 Tennessee Road,16/11/2023,M,279-394-8008,dradbourne54@tripadvisor.com,,Fenner
Kristoffer,Brandi,0 Randy Hill,12/09/2023,M,471-500-9566,kbrandi55@studiopress.com,,Grey
Evonne,Plackstone,5826 Everett Way,17/11/2023,F,226-541-2993,eplackstone56@mysql.com,,Petrie
Vasili,Teather,540 Jenifer Way,27/06/2024,M,622-588-9816,vteather57@amazon.de,,Calare
Ariana,Hutchinson,44 Rockefeller Center,17/03/2024,F,701-111-7184,ahutchinson58@amazonaws.com,764517,Canberra
Orsola,O'Currane,342 Jenifer Park,16/12/2023,F,323-493-4008,oocurrane59@zimbio.com,,Cunningham
Thebault,Gavozzi,2 Springview Circle,19/11/2023,M,788-920-9136,tgavozzi5a@pen.io,00987,Higgins
Arvy,Flood,364 Helena Terrace,08/10/2023,M,410-404-4432,aflood5b@ft.com,21216,Aston
Cicely,Dellenbroker,32 Loomis Court,05/09/2023,F,412-105-4831,cdellenbroker5c@usa.gov,73210,Ballarat
Monroe,Undrell,775 Marcy Parkway,23/01/2024,M,506-749-3818,mundrell5d@tamu.edu,8644,Calare
Noni,Hurl,13141 Ramsey Parkway,28/01/2024,F,489-707-3697,nhurl5e@amazon.de,,Grayndler
Hayden,Caron,228 Prentice Drive,31/01/2024,M,997-202-3038,hcaron5f@myspace.com,411 46,Tangney
Louie,Mephan,8753 Blackbird Point,06/06/2024,M,825-135-3305,lmephan5g@lulu.com,7004,Blaxland
Woodman,McNeely,45 Doe Crossing Lane,03/05/2024,M,892-126-4317,wmcneely5h@oaic.gov.au,,Cook
Rani,Alldritt,89 Sullivan Terrace,03/04/2024,F,145-889-9401,ralldritt5i@reddit.com,44300-000,Fraser
Horten,McGrudder,697 Huxley Hill,07/10/2023,M,775-246-6276,hmcgrudder5j@facebook.com,,Aston
Teodorico,Bennedick,3801 Logan Avenue,01/01/2024,M,418-412-8258,tbennedick5k@buzzfeed.com,,Menzies
Swen,Woodings,3510 Drewry Junction,25/09/2023,M,287-787-4572,swoodings5l@ovh.net,,Burt
Davidde,Marland,413 Pepper Wood Court,05/03/2024,M,356-675-2578,dmarland5m@sciencedaily.com,3973,Maranoa
Benedick,Nutty,09607 Anniversary Terrace,22/05/2024,M,375-581-0174,bnutty5n@surveymonkey.com,,Grey
Briny,Lister,1 Union Crossing,08/09/2023,F,495-272-5905,blister5o@cnet.com,K67,Cunningham
Christopher,Paynes,4354 Columbus Parkway,04/12/2023,M,480-954-8904,cpaynes5p@nymag.com,357005,Bradfield
Halette,Mitrikhin,92204 Huxley Junction,12/10/2023,F,635-271-3786,hmitrikhin5q@ted.com,45404 CEDEX,Grey
Tomasine,Sibbald,0 Wayridge Place,12/07/2024,F,855-690-4982,tsibbald5r@ucoz.ru,169 35,Franklin
Sergeant,Mallabone,977 Pond Hill,05/05/2024,M,439-281-3417,smallabone5s@yolasite.com,4801,Casey
Jacquelin,Beane,48 8th Road,29/02/2024,F,352-127-5620,jbeane5t@go.com,,Nicholls
Arron,Yokley,1 Swallow Park,08/11/2023,M,462-536-4080,ayokley5u@guardian.co.uk,75367 CEDEX 08,Farrer
Cassandry,Clair,7 Dennis Park,02/12/2023,F,608-181-0858,cclair5v@reddit.com,,McPherson
Mufinella,Hullbrook,176 Mcbride Place,09/08/2024,F,835-107-3652,mhullbrook5w@surveymonkey.com,90160,Indi
Nathan,Bromwich,2 Toban Plaza,16/11/2023,M,615-572-8331,nbromwich5x@ow.ly,5404,Bass
Mayor,Elcomb,63 Kennedy Lane,03/10/2023,M,840-760-9987,melcomb5y@fema.gov,,Parramatta
Felizio,Kempton,1 Dawn Center,09/01/2024,M,894-596-5097,fkempton5z@simplemachines.org,,Warringah
Bevin,Simeone,274 Lawn Alley,17/11/2023,M,447-722-6360,bsimeone60@123-reg.co.uk,,Kingston
Cobbie,Letessier,30 Springview Crossing,10/11/2023,M,425-642-1242,cletessier61@squarespace.com,98115,Chisholm
Culley,Alesin,9 Corben Center,20/11/2023,M,701-792-4773,calesin62@businessinsider.com,46140,Richmond
Andre,Skpsey,2269 Loftsgordon Place,15/09/2023,M,215-789-2561,askpsey63@vinaora.com,,Lindsay
Lincoln,Tindall,8565 Vera Place,15/11/2023,M,431-221-8787,ltindall64@census.gov,,Moore
Kory,Cairns,520 Mallory Court,12/03/2024,M,650-706-0586,kcairns65@chronoengine.com,,Corio
Parry,Chate,61433 Huxley Trail,15/12/2023,M,157-842-9086,pchate66@aol.com,,Fairfax
Nixie,Lochet,2 Declaration Parkway,03/11/2023,F,623-959-0172,nlochet67@vinaora.com,301792,Grey
Ginni,Muzzullo,6 Maywood Pass,23/11/2023,F,859-841-4132,gmuzzullo68@godaddy.com,,Wright
Jayme,Nucciotti,18832 Grim Court,02/02/2024,M,686-141-3425,jnucciotti69@geocities.jp,,Ryan
Giustina,Cinelli,58051 Springview Street,01/12/2023,F,660-388-2856,gcinelli6a@fc2.com,788 03,Gippsland
Kenon,Walaron,3282 Mandrake Drive,05/03/2024,M,530-946-1507,kwalaron6b@engadget.com,309833,Holt
Carmencita,Hamp,08988 Onsgard Hill,20/11/2023,F,976-687-1652,champ6c@eepurl.com,,Mallee
Paulie,Streather,9452 Eastlawn Pass,14/06/2024,F,516-972-2832,pstreather6d@accuweather.com,2587,Richmond
Channa,Naisbitt,8 Ronald Regan Park,18/12/2023,F,991-255-1758,cnaisbitt6e@tmall.com,2770-024,Gilmore
Krispin,Crevagh,53 Acker Plaza,12/03/2024,M,611-641-7099,kcrevagh6f@comsenz.com,38477,Hawke
Belicia,Guerrieri,49721 Prentice Pass,13/04/2024,F,812-882-8889,bguerrieri6g@w3.org,3624,Menzies
Beverlee,Render,8807 Talisman Parkway,24/03/2024,F,613-339-3822,brender6h@rakuten.co.jp,690922,Capricornia
Jobie,Freckleton,741 Pleasure Point,11/07/2024,F,192-732-8135,jfreckleton6i@unesco.org,,Curtin
Viv,Norster,06553 Sunfield Hill,17/02/2024,F,182-366-3682,vnorster6j@prlog.org,6435,Cunningham
Gerri,Dank,55 3rd Parkway,21/10/2023,F,585-953-8865,gdank6k@mayoclinic.com,14609,Calwell
Carlie,Limerick,2607 Monica Alley,13/10/2023,F,187-750-3193,climerick6l@themeforest.net,6165,Hotham
Jobi,Devereu,47 Esker Crossing,19/05/2024,F,262-416-3159,jdevereu6m@list-manage.com,5513,Riverina
Sumner,Charrisson,5690 Meadow Vale Hill,13/09/2023,M,395-850-5902,scharrisson6n@cbslocal.com,,Bradfield
Giorgi,Shepperd,498 Center Avenue,14/08/2024,M,650-882-3785,gshepperd6o@oracle.com,94089,Moncrieff
Sherry,Poundford,51528 Forster Park,02/04/2024,F,387-177-1155,spoundford6p@typepad.com,38700-000,Macarthur
Ingeborg,Glascott,57 Schurz Avenue,27/12/2023,F,837-442-5122,iglascott6q@google.com.hk,722 44,O'Connor
Loralee,Barrell,289 Westend Junction,05/12/2023,F,911-835-4020,lbarrell6r@cbslocal.com,,Mackellar
Jolene,Fryers,1 Bellgrove Alley,25/01/2024,F,239-149-8155,jfryers6s@canalblog.com,26300-000,Mitchell
Benedicta,Fownes,4710 Welch Junction,17/07/2024,F,818-755-3557,bfownes6t@pagesperso-orange.fr,,Richmond
Lucina,Knatt,05 American Alley,17/01/2024,F,329-735-5923,lknatt6u@weather.com,13670-000,Boothby
Freemon,Battram,3866 Heffernan Junction,13/09/2023,M,957-920-9847,fbattram6v@latimes.com,80190,Hunter
Tomkin,Surby,8374 Anniversary Plaza,18/08/2024,M,335-822-4441,tsurby6w@microsoft.com,,Pearce
Jenn,Aleksandrikin,47517 4th Lane,02/12/2023,F,929-474-5164,jaleksandrikin6x@mysql.com,4770-014,Macarthur
Ryun,Poleye,182 Browning Street,16/10/2023,M,666-236-3640,rpoleye6y@cyberchimps.com,7041,Hasluck
Nevins,Fortman,1844 Reindahl Avenue,28/06/2024,M,193-303-2713,nfortman6z@moonfruit.com,,Hindmarsh
Richardo,McAlindon,6055 Hermina Way,20/02/2024,M,709-719-2156,rmcalindon70@parallels.com,,Hume
Chauncey,Sanper,0 Loomis Circle,12/06/2024,M,182-888-8789,csanper71@webeden.co.uk,671 41,Calare
Clementine,Fawthrop,1 Summerview Drive,15/01/2024,F,276-243-6885,cfawthrop72@reddit.com,05-831,Hasluck
Heywood,Alekhov,34817 Texas Place,29/10/2023,M,896-850-3757,halekhov73@homestead.com,,Bradfield
Lay,Petkov,1648 Pine View Point,17/02/2024,M,463-678-7450,lpetkov74@adobe.com,,Mitchell
Dorena,Pender,65677 Parkside Trail,24/06/2024,F,781-399-4970,dpender75@earthlink.net,,Scullin
Job,Norrey,28 Victoria Plaza,04/02/2024,M,654-132-8032,jnorrey76@ustream.tv,38-430,Nicholls
Ervin,Moffett,97526 Derek Trail,11/10/2023,M,775-903-9897,emoffett77@latimes.com,,Groom
Myrta,Geraldi,62629 Almo Plaza,24/06/2024,F,298-810-0934,mgeraldi78@aol.com,,Monash
Ashlie,Kelshaw,30 Melrose Center,08/01/2024,F,406-158-2242,akelshaw79@wikipedia.org,,Franklin
Berkie,Ebbing,183 4th Center,21/08/2024,M,774-759-6223,bebbing7a@sciencedirect.com,93950-000,Warringah
Justino,Josipovitz,8 Grim Point,13/01/2024,M,481-212-7089,jjosipovitz7b@sourceforge.net,,Cowper
Wilhelm,Baddiley,34784 Macpherson Lane,23/05/2024,M,161-764-6852,wbaddiley7c@wp.com,,Fremantle
Sidoney,Greenard,64114 Riverside Drive,26/09/2023,F,678-178-0425,sgreenard7d@phpbb.com,37-720,Pearce
Chris,Gerrens,75 Brickson Park Alley,14/11/2023,F,430-667-6474,cgerrens7e@alibaba.com,,Fenner
Guenna,Vallens,672 Namekagon Avenue,23/06/2024,F,698-559-0626,gvallens7f@zdnet.com,540019,Page
Iris,Peedell,820 Northport Crossing,27/07/2024,F,850-175-5196,ipeedell7g@sakura.ne.jp,,Monash
Leone,Plowman,42526 Carioca Way,14/04/2024,F,986-966-1006,lplowman7h@odnoklassniki.ru,,Hindmarsh
Katy,Lanfear,79 Pearson Trail,18/01/2024,F,432-599-3209,klanfear7i@qq.com,02-158,Swan
Dani,Kyngdon,95655 Lakeland Alley,19/08/2024,F,576-357-9876,dkyngdon7j@opensource.org,,Leichhardt
Bartholomew,Keats,9 Atwood Alley,24/02/2024,M,563-468-0627,bkeats7k@cisco.com,,Cunningham
Jorgan,Morot,775 Magdeline Circle,11/01/2024,M,875-301-0380,jmorot7l@free.fr,,Bruce
Morse,McClay,83 Coolidge Parkway,24/12/2023,M,391-566-4528,mmcclay7m@whitehouse.gov,889-3151,Wentworth
Misti,Tinmouth,99591 Toban Court,22/05/2024,F,411-424-0260,mtinmouth7n@tinypic.com,243421,Bendigo
Vida,Stonelake,5 Kipling Place,16/10/2023,F,637-348-4464,vstonelake7o@multiply.com,92930,Lindsay
Jeana,Weeds,4 Packers Lane,31/01/2024,F,565-353-4548,jweeds7p@arizona.edu,,Gilmore
Mannie,Vellden,67674 Anhalt Hill,22/10/2023,M,737-483-6848,mvellden7q@nih.gov,,Berowra
Catharine,Maggiore,96748 Barnett Street,21/03/2024,F,764-887-1222,cmaggiore7r@seattletimes.com,49010 CEDEX 01,Corio
Sarajane,Dumbell,24 Katie Street,23/05/2024,F,327-689-9047,sdumbell7s@berkeley.edu,,Rankin
Costa,Eglese,59 Meadow Vale Court,28/04/2024,M,847-299-2459,ceglese7t@vimeo.com,791 91,Barker
Buddie,Sevior,631 Memorial Crossing,23/03/2024,M,748-515-8578,bsevior7u@booking.com,,Spence
Zahara,Scapens,83 Springs Drive,01/08/2024,F,831-225-3907,zscapens7v@quantcast.com,,Corangamite
Darrin,Woodhall,1010 Lakewood Avenue,18/07/2024,M,954-776-2396,dwoodhall7w@skyrock.com,32825,Dunkley
Mirabelle,Bielby,9 Crownhardt Center,20/04/2024,F,269-246-2962,mbielby7x@pinterest.com,,North Sydney
Anny,Naper,80590 Schlimgen Street,02/09/2024,F,543-346-4392,anaper7y@marketwatch.com,,Berowra
Derril,Halshaw,04208 Buhler Parkway,17/04/2024,M,341-470-6334,dhalshaw7z@wikia.com,,Chifley
Mateo,Carey,0338 Corry Parkway,25/10/2023,M,682-431-5639,mcarey80@symantec.com,,Makin
Katy,D'Aguanno,32166 Doe Crossing Point,16/12/2023,F,783-340-4138,kdaguanno81@surveymonkey.com,,Mackellar
Abby,Newlyn,6570 8th Parkway,15/09/2023,M,437-221-8322,anewlyn82@flavors.me,,Shortland
Regine,Ottee,56 Reinke Circle,29/04/2024,F,647-645-2550,rottee83@slate.com,27620,Perth
Brett,Verlinden,17333 Bay Plaza,18/06/2024,F,840-368-2061,bverlinden84@myspace.com,32900-000,La Trobe
Jeromy,Golt,60277 Village Green Drive,06/02/2024,M,449-350-8568,jgolt85@google.com,,North Sydney
Amby,Gabbetis,581 Kingsford Drive,03/10/2023,M,550-326-1961,agabbetis86@goo.ne.jp,,Riverina
Moyra,Pauluzzi,87 Boyd Terrace,09/06/2024,F,753-336-3428,mpauluzzi87@histats.com,,Fremantle
Gun,Candey,00 Clyde Gallagher Trail,04/12/2023,M,738-453-4532,gcandey88@sogou.com,1219,Grey
Chilton,Ruse,8 Ronald Regan Court,17/01/2024,M,296-386-9501,cruse89@mozilla.com,,Paterson
Darill,Goodwill,504 Derek Circle,22/03/2024,M,489-695-4104,dgoodwill8a@discuz.net,65129,Capricornia
Lawrence,Sedgwick,1190 3rd Way,21/09/2023,M,272-142-4112,lsedgwick8b@ucoz.com,433 68,Lilley
Augustine,Spivie,037 Fieldstone Court,09/09/2023,F,187-107-8842,aspivie8c@youku.com,5155-749,Indi
Tiffi,Buss,64375 Fairview Center,12/10/2023,F,948-803-1272,tbuss8d@e-recht24.de,,Newcastle
Michaella,d'Escoffier,4817 Hintze Avenue,27/01/2024,F,508-931-5849,mdescoffier8e@dot.gov,,Moncrieff
Tate,Feavyour,8638 Blackbird Street,04/10/2023,M,838-659-8905,tfeavyour8f@msu.edu,,Dunkley
Cecilio,Hencke,26577 Center Terrace,06/03/2024,M,390-618-2575,chencke8g@toplist.cz,,Wright
Bette-ann,Deverson,5081 Hazelcrest Hill,04/02/2024,F,516-622-4177,bdeverson8h@vistaprint.com,11024,Fairfax
Rosaleen,Ashfold,8536 5th Court,02/05/2024,F,683-558-1362,rashfold8i@phoca.cz,,Nicholls
Fern,McWilliam,302 Sage Avenue,15/03/2024,F,340-982-1458,fmcwilliam8j@intel.com,,Lyons
Mercy,Liddiard,09979 Bay Crossing,14/10/2023,F,179-379-5066,mliddiard8k@abc.net.au,21051 CEDEX,Bendigo
Dorolice,Bragger,064 Sullivan Street,11/08/2024,F,220-133-6666,dbragger8l@google.fr,,Chisholm
Laure,Giacomucci,6 Dapin Lane,06/10/2023,F,456-898-2764,lgiacomucci8m@gnu.org,,Moore
Cecily,Cowtherd,71 Novick Plaza,24/03/2024,F,525-975-6613,ccowtherd8n@whitehouse.gov,303720,Rankin
Gunar,Keat,29129 Reinke Way,13/11/2023,M,544-865-5853,gkeat8o@microsoft.com,,Moncrieff
Nataniel,Bridson,01560 David Street,22/08/2024,M,261-554-6935,nbridson8p@webmd.com,,Bruce
Way,Bourbon,405 Golf Course Alley,17/12/2023,M,241-888-5248,wbourbon8q@thetimes.co.uk,,Boothby
Barnard,Persence,898 Gerald Street,07/05/2024,M,956-771-6266,bpersence8r@networkadvertising.org,2130-166,Riverina
Dean,Decent,73981 Mitchell Junction,26/11/2023,M,619-836-8099,ddecent8s@theglobeandmail.com,2811,Reid
Elisha,Ramiro,1382 Loftsgordon Road,06/12/2023,F,379-206-2513,eramiro8t@twitter.com,2975-005,Deakin
Aloysius,Padefield,1 Mallory Junction,24/08/2024,M,894-324-3778,apadefield8u@imgur.com,06928 CEDEX,Rankin
Johny,Diboll,3463 Little Fleur Lane,22/07/2024,M,480-781-3307,jdiboll8v@google.fr,9950-325,Wills
Augustin,Denacamp,576 Tony Terrace,15/01/2024,M,422-703-1462,adenacamp8w@addthis.com,,Werriwa
Wat,Iianon,6 Clyde Gallagher Drive,09/06/2024,M,709-196-2160,wiianon8x@techcrunch.com,42180,Robertson
Gardiner,Oldman,5 Butternut Avenue,21/01/2024,M,616-900-2650,goldman8y@about.me,77060,Lindsay
Leese,L'oiseau,01 Pawling Circle,20/07/2024,F,164-831-2281,lloiseau8z@irs.gov,350-1213,Newcastle
Trumaine,Zaniolini,0 Crescent Oaks Place,12/03/2024,M,217-342-5915,tzaniolini90@ibm.com,5214,Fenner
Ethelyn,Goodlip,28676 Meadow Valley Hill,28/12/2023,F,244-541-2300,egoodlip91@xrea.com,7536,Franklin
Rubin,Bunt,7700 Lakeland Crossing,02/08/2024,M,405-647-2383,rbunt92@wunderground.com,73135,Wide Bay
Siegfried,Jacobs,4210 Ilene Circle,01/06/2024,M,416-215-3646,sjacobs93@amazon.co.uk,3370,Cook
Brandice,Andreia,4 Memorial Terrace,03/10/2023,F,314-302-6720,bandreia94@answers.com,3384,Canberra
Harper,Erdis,4 1st Court,04/08/2024,M,518-584-9352,herdis95@intel.com,,Sturt
Taite,Schapiro,02949 Talmadge Alley,22/12/2023,M,359-433-6821,tschapiro96@twitter.com,,Mayo
Cherianne,Binning,3735 Prairieview Lane,28/06/2024,F,242-463-3115,cbinning97@prnewswire.com,,Dickson
Dona,Pizey,659 Delaware Street,24/10/2023,F,140-501-7520,dpizey98@biblegateway.com,49945-000,Shortland
Ambros,Doneld,7891 Tomscot Point,08/07/2024,M,827-597-3458,adoneld99@blinklist.com,,Fraser
Bayard,McGinney,593 Forest Dale Parkway,14/01/2024,M,453-320-2639,bmcginney9a@xrea.com,3271,Kooyong
Spense,Lancett,5 Nova Avenue,26/04/2024,M,549-914-1778,slancett9b@state.gov,,Wills
Filmer,Jaynes,15 Express Place,13/03/2024,M,287-863-4391,fjaynes9c@google.com.au,186793,Wright
Jillian,Corradini,60936 Stephen Way,26/06/2024,F,812-115-1495,jcorradini9d@biglobe.ne.jp,,Parramatta
Aubrey,Van Dijk,1527 Hintze Terrace,19/07/2024,M,306-274-5162,avandijk9e@tiny.cc,,O'Connor
Becki,Judron,562 Becker Hill,04/11/2023,F,848-974-3287,bjudron9f@scientificamerican.com,,Fowler
Lissa,Strathdee,22 Northland Court,19/10/2023,F,942-750-2104,lstrathdee9g@jiathis.com,,Moore
Bryna,Zupa,3 Becker Parkway,11/09/2023,F,191-815-6551,bzupa9h@rambler.ru,,Solomon
Michaella,Oret,53783 Linden Drive,23/07/2024,F,494-220-6098,moret9i@answers.com,60315 CEDEX 5,Bowman
Eada,Denzey,5877 Manley Crossing,07/09/2023,F,520-774-7585,edenzey9j@nasa.gov,155210,Page
Benita,Sket,591 Rieder Avenue,06/04/2024,F,131-692-5077,bsket9k@yolasite.com,623650,Berowra
Terrence,Marthen,316 Darwin Pass,14/04/2024,M,153-357-6569,tmarthen9l@amazon.co.jp,,Gilmore
Adolphe,Sutworth,57312 Lyons Terrace,09/05/2024,M,372-962-5613,asutworth9m@t-online.de,,Fremantle
Rosalynd,Treagus,62822 Lighthouse Bay Hill,06/01/2024,F,519-609-5028,rtreagus9n@eventbrite.com,13150-000,Bennelong
Adolpho,Arman,0563 New Castle Lane,16/04/2024,M,659-178-8845,aarman9o@rakuten.co.jp,665911,Kennedy
Shela,Pullar,69477 Graceland Way,08/02/2024,F,857-601-2928,spullar9p@samsung.com,899-5241,Mallee
Marshall,Barthropp,79021 Fulton Point,05/07/2024,M,848-313-8175,mbarthropp9q@sohu.com,623287,Macquarie
Julita,Kilgrew,829 Bay Point,16/07/2024,F,200-812-0968,jkilgrew9r@netvibes.com,,O'Connor
Marga,Birchall,67 Kedzie Plaza,07/02/2024,F,775-475-2517,mbirchall9s@yelp.com,1019,Page
Leandra,Charon,380 Shopko Street,24/12/2023,F,972-323-1955,lcharon9t@webeden.co.uk,,Pearce
Sherwynd,Moulsdall,3 Oriole Hill,01/05/2024,M,833-174-4758,smoulsdall9u@miibeian.gov.cn,,Eden-Monaro
Meghann,Schimank,56059 Petterle Center,06/04/2024,F,706-646-4158,mschimank9v@macromedia.com,,Spence
Willy,Trundle,81 Beilfuss Road,18/04/2024,F,950-233-6298,wtrundle9w@blog.com,,Newcastle
Estell,Sporrij,276 Shoshone Trail,14/07/2024,F,968-760-9832,esporrij9x@ifeng.com,739 04,Mallee
Garey,Pirouet,8097 Schurz Park,28/12/2023,M,669-249-8901,gpirouet9y@marriott.com,,Wide Bay
Jeannette,Scarlin,01897 Summer Ridge Court,13/10/2023,F,847-996-4597,jscarlin9z@yellowbook.com,,Dawson
Jakie,Purser,04402 Bashford Lane,16/07/2024,M,738-499-1852,jpursera0@ycombinator.com,,Dawson
Kellyann,Clair,65160 Fordem Street,25/05/2024,F,182-154-3725,kclaira1@ibm.com,87490-000,Wills
Shanie,Wearne,97 Hanover Parkway,09/11/2023,F,554-923-5133,swearnea2@guardian.co.uk,,Fraser
Nike,Edgar,1 Anthes Avenue,15/02/2024,F,599-513-4484,nedgara3@archive.org,LE16,Sydney
Tawsha,Bastable,1048 Cordelia Circle,30/08/2024,F,911-672-6136,tbastablea4@surveymonkey.com,6525,Blaxland
Alli,Trusler,8 Ilene Court,01/07/2024,F,980-718-4841,atruslera5@google.pl,,Petrie
Bond,Grassi,73237 Darwin Court,20/12/2023,M,409-435-2894,bgrassia6@ocn.ne.jp,622910,Fraser
Tess,Meriguet,5383 Merrick Trail,29/06/2024,F,225-533-6608,tmerigueta7@indiatimes.com,8104,Wills
Gustie,Candish,5 Cody Road,18/06/2024,F,530-408-6063,gcandisha8@trellian.com,44300-000,Greenway
Marshall,Diggles,9623 Schiller Crossing,23/12/2023,M,530-101-9807,mdigglesa9@usda.gov,38530-000,Wright
Ana,Danis,30 Eagan Hill,12/05/2024,F,417-124-8139,adanisaa@163.com,,Petrie
Giusto,Wadley,90 Lindbergh Point,31/03/2024,M,641-610-5500,gwadleyab@php.net,55718,Holt
Randolf,Lashford,8766 Banding Pass,10/08/2024,M,138-799-7863,rlashfordac@senate.gov,08904,Macarthur
Olvan,Colerick,8 Sage Parkway,14/10/2023,M,606-960-5256,ocolerickad@webs.com,,Hotham
Auberta,Mollison,31 Monument Crossing,31/07/2024,F,260-116-9641,amollisonae@ezinearticles.com,,Petrie
Leilah,Wahner,1 Warrior Avenue,24/09/2023,F,826-827-8243,lwahneraf@samsung.com,,Hotham
Ximenes,Collibear,224 Shelley Way,01/12/2023,M,549-143-0759,xcollibearag@pcworld.com,,Fadden
Ceil,Grieves,2804 Brentwood Place,31/03/2024,F,641-501-5862,cgrievesah@sourceforge.net,,Makin
Patricio,Wingeat,47 Monument Lane,03/03/2024,M,781-160-9920,pwingeatai@vk.com,01905,McMahon
Sula,Farley,617 Bobwhite Pass,17/05/2024,F,569-496-2567,sfarleyaj@princeton.edu,T4S,Rankin
Nike,O'Donovan,3 8th Junction,18/07/2024,F,411-417-6414,nodonovanak@guardian.co.uk,60-222,Paterson
Ludwig,Bennike,704 Monument Street,21/11/2023,M,246-240-0017,lbennikeal@ycombinator.com,,North Sydney
Malia,Aulsford,2902 Florence Place,11/03/2024,F,120-922-5178,maulsfordam@mac.com,47-451,Wannon
Lari,Lempke,52 Kropf Plaza,24/02/2024,F,577-418-6980,llempkean@ask.com,,Boothby
Harley,Lill,02 Gale Pass,12/09/2023,F,257-256-6633,hlillao@myspace.com,,Gorton
Carly,Ferfulle,93 Larry Parkway,14/06/2024,M,714-943-1023,cferfulleap@dmoz.org,,Tangney
Thaine,Baroux,0492 Chinook Junction,01/08/2024,M,327-219-0969,tbarouxaq@google.de,509-0147,Blaxland
Teodorico,Firks,12 Reinke Avenue,27/04/2024,M,776-963-0543,tfirksar@scribd.com,,Swan
Lanni,Greenham,530 Browning Junction,25/04/2024,F,818-892-2042,lgreenhamas@cmu.edu,,Holt
Conny,Keford,0 Garrison Crossing,10/12/2023,F,208-782-0030,ckefordat@huffingtonpost.com,,Pearce
Akim,Tonsley,5 Hovde Park,04/03/2024,M,274-553-6723,atonsleyau@trellian.com,,Lyne
Bellanca,Dinse,29768 Westridge Way,15/06/2024,F,869-179-1878,bdinseav@wordpress.org,,Ballarat
Annalise,Cinelli,6 Thierer Way,07/01/2024,F,303-276-1076,acinelliaw@tripadvisor.com,80262,Leichhardt
Nettie,Grigorushkin,86 Debs Terrace,12/07/2024,F,642-696-5975,ngrigorushkinax@google.com.au,,Nicholls
Vivyanne,Pheasey,733 Stone Corner Alley,16/07/2024,F,491-386-0698,vpheaseyay@dot.gov,396458,Wills
Anita,Dailly,8257 Shopko Plaza,08/04/2024,F,826-915-9454,adaillyaz@businessweek.com,,Gippsland
Esmeralda,Curtiss,8 Bayside Center,11/03/2024,F,585-536-0420,ecurtissb0@ed.gov,,Boothby
Genevieve,Fishleigh,25 Sycamore Court,11/12/2023,F,250-277-3749,gfishleighb1@businessinsider.com,979-1501,Cunningham
Babara,Chamney,424 Waywood Terrace,17/06/2024,F,907-990-4003,bchamneyb2@economist.com,,Bonner
Briano,McGeagh,08 Atwood Junction,14/10/2023,M,330-934-8269,bmcgeaghb3@youtu.be,,Calwell
Mufinella,Draude,0 Kinsman Pass,05/12/2023,F,319-723-2966,mdraudeb4@va.gov,,Fadden
Dorian,Glazier,0 Bartillon Circle,19/07/2024,F,100-445-6219,dglazierb5@paypal.com,45836-000,Hasluck
Barrie,Eyles,762 Southridge Hill,25/03/2024,M,327-341-3202,beylesb6@blinklist.com,,Fowler
Rice,Blaik,73 Farmco Junction,10/04/2024,M,299-854-9714,rblaikb7@paypal.com,,Fowler
Thacher,Ladlow,1 Fremont Lane,14/03/2024,M,795-251-7604,tladlowb8@t-online.de,73216 CEDEX,Fairfax
Elissa,Runcie,91598 Red Cloud Way,24/10/2023,F,761-512-3658,eruncieb9@rediff.com,5412,Sydney
Madlin,Grayshan,9224 Shasta Place,10/10/2023,F,562-703-4454,mgrayshanba@edublogs.org,G6R,Bendigo
Asa,Cardenoso,90 Center Point,01/01/2024,M,593-479-3306,acardenosobb@google.co.jp,1602,Groom
Mathew,Audenis,5766 Nevada Circle,01/06/2024,M,133-469-4345,maudenisbc@indiegogo.com,652238,Forde
Amargo,Kuzemka,07 Rusk Circle,12/08/2024,F,644-664-4204,akuzemkabd@microsoft.com,,McPherson
Parker,Jansens,26 Cody Pass,09/05/2024,M,498-286-3825,pjansensbe@cbsnews.com,88200-000,Holt
Delmor,Le Provest,2272 Scofield Court,29/10/2023,M,876-570-2293,dleprovestbf@foxnews.com,,Hindmarsh
Kalvin,Bambrough,852 Blackbird Plaza,21/07/2024,M,233-306-8575,kbambroughbg@1688.com,99005,Mallee
Bobbie,Blaine,5 Westend Lane,10/09/2023,F,178-691-5568,bblainebh@apache.org,,Indi
Carlotta,Romanetti,507 Homewood Park,16/07/2024,F,810-738-0158,cromanettibi@hud.gov,,Bruce
Bevan,Tremlett,9 Steensland Court,07/07/2024,M,978-472-6778,btremlettbj@mediafire.com,66191,Hawke
Morly,Meneux,5 Service Trail,18/03/2024,M,515-706-9546,mmeneuxbk@opera.com,,Moncrieff
Robby,Arnolds,7 Service Terrace,01/02/2024,M,142-664-5355,rarnoldsbl@eepurl.com,457 81,Cunningham
Lia,Jantel,11 Coolidge Park,05/05/2024,F,452-985-8194,ljantelbm@de.vu,8711,Bradfield
Jolie,Madigan,98625 Darwin Plaza,21/05/2024,F,340-595-7237,jmadiganbn@imdb.com,,Newcastle
Billi,Moreby,8177 Buena Vista Hill,05/04/2024,F,651-467-7660,bmorebybo@slate.com,55123,Boothby
Ray,Recher,363 American Ash Circle,19/04/2024,M,364-455-8986,rrecherbp@constantcontact.com,,McPherson
Jourdain,Gerdts,680 Banding Pass,29/09/2023,M,729-765-8820,jgerdtsbq@nps.gov,423524,Braddon
Melvyn,Kulvear,9570 Service Parkway,03/08/2024,M,979-546-5157,mkulvearbr@telegraph.co.uk,83613 CEDEX,Makin
Roselia,MacGray,2 Darwin Road,18/08/2024,F,805-670-1130,rmacgraybs@hc360.com,65075,Deakin
Gabriel,Aitkin,695 Springs Park,16/02/2024,F,897-614-9260,gaitkinbt@ebay.co.uk,,Kingsford Smith
Erin,Conring,151 Elmside Avenue,26/07/2024,F,207-213-3782,econringbu@examiner.com,425359,Bradfield
Angeline,Sherme,31881 Walton Trail,16/05/2024,F,207-669-6858,ashermebv@shop-pro.jp,52220,Perth
Iormina,Beadnell,97 Monterey Way,10/11/2023,F,327-220-4329,ibeadnellbw@squarespace.com,,New England
Jacquelynn,Grimsdike,41066 Springs Place,29/03/2024,F,792-858-9624,jgrimsdikebx@google.it,,Boothby
Katti,Corkill,70769 Bay Hill,07/12/2023,F,724-142-6385,kcorkillby@digg.com,3003,Wannon
Isidor,Brundill,19 Forster Place,05/01/2024,M,846-334-4507,ibrundillbz@trellian.com,374 33,Watson
Fidelity,Hallowes,18806 Browning Court,11/11/2023,F,683-787-3619,fhallowesc0@sun.com,,Sydney
Corby,Youson,589 Russell Circle,31/10/2023,M,392-118-1924,cyousonc1@scientificamerican.com,22-604,Menzies
Bart,Cansdell,49071 Merrick Drive,30/03/2024,M,238-431-4019,bcansdellc2@cafepress.com,,Griffith
Nicol,Lelliott,1 Ludington Pass,05/08/2024,M,637-455-7214,nlelliottc3@businesswire.com,1485,Gippsland
Merci,Sivier,915 Pennsylvania Alley,26/09/2023,F,584-913-3873,msivierc4@dmoz.org,,Calare
Jonis,Britner,174 Donald Lane,13/08/2024,F,384-737-5401,jbritnerc5@alexa.com,75837 CEDEX 17,Mayo
Lucie,Jaksic,280 Northport Plaza,29/11/2023,F,367-231-9621,ljaksicc6@jiathis.com,78061 CEDEX,Sydney
Mirabella,Shales,1 Oxford Hill,07/07/2024,F,711-922-3710,mshalesc7@xrea.com,,Casey
Chas,Karys,8 Pleasure Crossing,25/02/2024,M,608-687-4348,ckarysc8@linkedin.com,,Calwell
Rafaello,La Wille,8 Banding Junction,18/09/2023,M,270-533-8984,rlawillec9@myspace.com,73-231,Wentworth
Susi,Adamou,5 Rusk Avenue,17/03/2024,F,815-724-5588,sadamouca@pcworld.com,,Bradfield
Mace,Luetkemeyer,1264 Spenser Crossing,28/10/2023,M,949-142-2475,mluetkemeyercb@theglobeandmail.com,75439 CEDEX 09,Spence
Angelo,Aaronsohn,2848 Spaight Junction,04/12/2023,M,168-421-9157,aaaronsohncc@examiner.com,18550-000,Grayndler
Iosep,McGougan,78515 Glacier Hill Plaza,13/04/2024,M,225-552-6432,imcgougancd@merriam-webster.com,92509 CEDEX,Hasluck
Bee,Slark,9 Colorado Terrace,21/09/2023,F,525-985-4131,bslarkce@ftc.gov,98800,Menzies
Wilfrid,Flisher,204 Forest Run Alley,18/04/2024,M,236-988-7291,wflishercf@w3.org,,Fowler
Tyrus,Trammel,49575 Kropf Hill,23/12/2023,M,168-888-8560,ttrammelcg@alibaba.com,,Banks
Cedric,Craiker,34004 8th Drive,02/09/2024,M,277-823-1978,ccraikerch@utexas.edu,,Gellibrand
Hatti,Degenhardt,90980 Jackson Crossing,21/10/2023,F,184-385-9761,hdegenhardtci@cargocollective.com,412-0048,Warringah
Rosalynd,Trewin,11 Westridge Drive,01/05/2024,F,899-848-3104,rtrewincj@ow.ly,988-0607,Watson
Luca,Gowing,0606 Muir Trail,21/07/2024,M,987-626-1724,lgowingck@wired.com,37554 CEDEX,Kingston
Marielle,Toomer,148 Bluejay Drive,24/12/2023,F,994-888-4950,mtoomercl@sogou.com,52107,Burt
Alleyn,Scrogges,9 Londonderry Crossing,01/12/2023,M,127-317-9923,ascroggescm@wikia.com,2445,Gilmore
Loleta,Bembridge,632 Vermont Trail,03/07/2024,F,956-882-2438,lbembridgecn@whitehouse.gov,1066,Mallee
Lamont,Josefsohn,9450 Johnson Alley,12/04/2024,M,429-270-8238,ljosefsohnco@europa.eu,,Canning
Koo,Levy,3348 Commercial Point,29/10/2023,F,999-378-7442,klevycp@examiner.com,1718,Forde
Lurleen,Francescoccio,17 Butterfield Drive,22/01/2024,F,534-825-4739,lfrancescocciocq@engadget.com,62840-000,North Sydney
Darb,Sheffield,98 Carioca Point,13/01/2024,F,714-519-8616,dsheffieldcr@behance.net,330 02,Pearce
Avigdor,Benbough,0574 Springview Center,11/12/2023,M,325-246-7070,abenboughcs@nature.com,,Cowan
Paula,Wohler,9712 Butterfield Place,20/05/2024,F,669-464-8696,pwohlerct@quantcast.com,,Wide Bay
Lira,Fasse,964 Clove Junction,23/04/2024,F,566-495-9538,lfassecu@unc.edu,613 38,Scullin
Bride,Casiroli,2 Little Fleur Road,06/11/2023,F,290-916-8771,bcasirolicv@oakley.com,,Calare
Aida,Pearlman,03 Oakridge Avenue,28/04/2024,F,849-292-1092,apearlmancw@goodreads.com,3220-313,Paterson
Alisha,Burchnall,82 Russell Road,04/01/2024,F,545-393-1084,aburchnallcx@flickr.com,1633,Sturt
Aridatha,Walling,84543 Katie Avenue,26/03/2024,F,392-977-7505,awallingcy@timesonline.co.uk,,Sturt
Ferris,Whickman,44288 Harbort Street,30/08/2024,M,326-791-9457,fwhickmancz@clickbank.net,673416,Bonner
Norton,Tomalin,4648 Tomscot Street,02/11/2023,M,584-808-8095,ntomalind0@miibeian.gov.cn,,Whitlam
Nanice,Gladwin,81175 Russell Place,01/04/2024,F,785-850-1212,ngladwind1@infoseek.co.jp,46140-000,Griffith
Alfy,Arthy,5 Marquette Center,26/02/2024,M,764-324-3899,aarthyd2@archive.org,,Maribyrnong
Tova,Philipp,5 Fairfield Road,18/11/2023,F,452-649-2422,tphilippd3@boston.com,,Leichhardt
Gibb,Ellington,08689 Beilfuss Point,27/11/2023,M,945-728-0969,gellingtond4@ow.ly,,Maranoa
Riley,Burel,562 Ohio Plaza,01/11/2023,M,872-217-8348,rbureld5@prnewswire.com,6406,Fenner
Helenelizabeth,Devigne,8 Sommers Alley,03/08/2024,F,577-257-1509,hdevigned6@state.gov,25500-000,Wide Bay
Jenifer,Polk,844 Fuller Parkway,29/03/2024,F,809-511-1124,jpolkd7@sfgate.com,11630-000,Cowper
Uri,Leroy,376 Helena Trail,20/09/2023,M,593-347-8885,uleroyd8@google.com.hk,154667,Whitlam
Con,Mazdon,6279 Butterfield Parkway,09/12/2023,M,301-765-1099,cmazdond9@ucoz.com,,Moreton
Ilene,McCowan,66494 Cottonwood Terrace,06/06/2024,F,165-335-7051,imccowanda@cpanel.net,,Melbourne
Amerigo,Bevens,1 Hayes Street,09/03/2024,M,318-772-7667,abevensdb@about.com,177007,Melbourne
Stephanie,Maro,87 Rockefeller Court,01/10/2023,F,658-920-5624,smarodc@chicagotribune.com,33-181,Fowler
Janetta,Cranidge,55003 Kenwood Terrace,22/10/2023,F,532-579-0344,jcranidgedd@huffingtonpost.com,7023,Groom
Nerty,Janous,843 Vermont Way,11/06/2024,F,501-794-6407,njanousde@exblog.jp,7031,Curtin
Aldridge,Obal,5059 Artisan Circle,26/06/2024,M,543-965-9205,aobaldf@arizona.edu,,Watson
Brockie,Feares,86 Mcbride Pass,24/03/2024,M,738-992-8914,bfearesdg@tiny.cc,,Gorton
Vassili,Obey,394 Autumn Leaf Point,13/06/2024,M,156-739-4855,vobeydh@linkedin.com,,Lyne
Dav,Egglestone,336 Mallard Terrace,29/09/2023,M,454-217-9865,degglestonedi@baidu.com,,Moore
Rosette,Godmer,22 Rowland Center,22/11/2023,F,556-465-8894,rgodmerdj@ibm.com,,Sydney
Monti,Negus,741 Golden Leaf Street,25/11/2023,M,424-652-3194,mnegusdk@hexun.com,SW1E,Page
Hanna,Woolerton,704 Karstens Parkway,19/10/2023,F,216-423-2141,hwoolertondl@google.de,75080 CEDEX 02,Wentworth
Alexa,Bour,6 Florence Point,15/06/2024,F,949-534-2958,abourdm@sciencedaily.com,1865,Bendigo
Lenard,Postin,7 Shelley Terrace,21/09/2023,M,506-879-1140,lpostindn@unicef.org,V2T,Oxley
Vivi,Seakes,91 Ridgeview Park,17/05/2024,F,972-600-8916,vseakesdo@cisco.com,452988,Maranoa
Emmaline,Fairey,472 Pleasure Plaza,04/01/2024,F,151-420-6973,efaireydp@amazonaws.com,13990-000,Leichhardt
Hulda,Geane,39115 Spohn Point,15/09/2023,F,957-580-0299,hgeanedq@jigsy.com,601803,Corio
Sidonnie,Haward,572 Katie Terrace,23/07/2024,F,229-446-1462,shawarddr@printfriendly.com,,Reid
Hamel,Dubber,8642 Shoshone Drive,20/09/2023,M,992-268-6811,hdubberds@linkedin.com,,Hindmarsh
Goraud,Beetham,82758 3rd Pass,15/07/2024,M,106-504-0070,gbeethamdt@surveymonkey.com,40215,Solomon
Richard,Daton,83 Spenser Park,07/02/2024,M,806-832-8451,rdatondu@goo.gl,,Tangney
Sanford,Kirwin,7549 Fairview Plaza,12/10/2023,M,516-870-9154,skirwindv@techcrunch.com,14012,Bennelong
Kathlin,Dmitr,7289 Dahle Junction,07/06/2024,F,634-527-3594,kdmitrdw@so-net.ne.jp,,Kooyong
Anselma,Armour,94 Crescent Oaks Lane,28/10/2023,F,121-520-7261,aarmourdx@cdbaby.com,,Moreton
Flossie,Pease,90079 Maple Park,29/11/2023,F,253-293-1846,fpeasedy@shinystat.com,98442,Flynn
Obidiah,Eagleston,6901 7th Lane,09/08/2024,M,125-839-7521,oeaglestondz@prnewswire.com,45250,Kingsford Smith
Neala,Phebey,80 Sunbrook Point,29/05/2024,F,116-149-1272,nphebeye0@scientificamerican.com,3116,Calwell
Ginger,Fuzzens,3712 Golf Terrace,21/01/2024,F,279-158-6174,gfuzzense1@usda.gov,,Goldstein
Clementia,Sheers,62 Fisk Crossing,06/07/2024,F,103-479-4984,csheerse2@sohu.com,95700-000,Clark
Arley,Quibell,5 Fairfield Center,12/10/2023,M,581-225-8524,aquibelle3@lycos.com,4023,Barton
Edyth,Paur,0 Atwood Street,17/12/2023,F,530-391-4381,epaure4@twitter.com,,Cook
Eldridge,Culy,32 Warrior Alley,20/09/2023,M,900-895-8064,eculye5@wix.com,,McEwen
Trever,McGorley,657 Fremont Court,13/12/2023,M,934-798-0127,tmcgorleye6@infoseek.co.jp,5021,Herbert
Reginald,Franiak,74 Calypso Drive,09/02/2024,M,602-597-6165,rfraniake7@columbia.edu,,Lyons
Marsh,Dymoke,4 Hoard Hill,07/08/2024,M,853-370-9657,mdymokee8@prlog.org,06400-000,Aston
Conchita,Clohisey,279 Meadow Valley Trail,26/04/2024,F,431-695-4630,cclohiseye9@flavors.me,,McPherson
Pearce,Farress,65 Tony Park,13/04/2024,M,232-790-8640,pfarressea@oracle.com,,Franklin
Teodoor,Mitchinson,3 Dottie Place,24/10/2023,M,917-273-9918,tmitchinsoneb@vinaora.com,501 88,Canning
Nicholle,Turmall,2 Monterey Street,09/08/2024,F,327-207-8586,nturmallec@histats.com,,Canberra
Carolynn,Jiggens,122 Lukken Pass,18/04/2024,F,933-734-2505,cjiggensed@comcast.net,,Grayndler
Dawna,Caulton,64923 Mcbride Junction,03/12/2023,F,903-839-5178,dcaultonee@g.co,3081,Casey
Susanna,Janney,5156 Eagle Crest Pass,27/05/2024,F,464-757-9063,sjanneyef@businessweek.com,,Cooper
Stacy,Jayume,88 Dorton Lane,09/01/2024,M,146-792-0351,sjayumeeg@lycos.com,,Bonner
Ahmed,Guyon,34299 Grover Pass,29/06/2024,M,530-706-6437,aguyoneh@networkadvertising.org,628240,Fenner
D'arcy,Roubeix,5279 Scott Terrace,28/02/2024,M,460-248-9569,droubeixei@pcworld.com,,Solomon
Curran,Parlour,65462 8th Avenue,16/12/2023,M,376-673-5964,cparlourej@hp.com,,Capricornia
Simonne,Holyard,79 Badeau Center,25/03/2024,F,597-432-2543,sholyardek@abc.net.au,,Corio
Almire,Nesbitt,4166 Scott Street,27/08/2024,F,916-643-8832,anesbittel@springer.com,68660,Fadden
Hal,Sharpin,048 Hovde Park,27/09/2023,M,320-883-5954,hsharpinem@ftc.gov,E7M,Longman
Genni,Bertelsen,959 Nancy Plaza,22/11/2023,F,967-788-8059,gbertelsenen@netvibes.com,14800-000,Goldstein
Jo ann,Mabone,375 Farmco Pass,03/08/2024,F,620-196-2675,jmaboneeo@un.org,628250,Flinders
Rebe,Skin,150 Hanover Hill,06/08/2024,F,853-112-4401,rskinep@weibo.com,788 32,Hume
Carlie,Emslie,6 Tennessee Circle,27/01/2024,M,184-504-1474,cemslieeq@bloomberg.com,751 35,Braddon
Nichole,Le Moucheux,460 Upham Court,05/05/2024,M,586-269-0463,nlemoucheuxer@fc2.com,250618,Forrest
Vanni,Crufts,02638 Hoepker Center,11/01/2024,F,682-915-0111,vcruftses@xrea.com,,Sturt
Piper,Doles,85555 School Lane,25/10/2023,F,595-636-0125,pdoleset@discuz.net,,Aston
Mauricio,Stoeck,95748 Superior Hill,29/04/2024,M,792-841-9378,mstoeckeu@sogou.com,,Goldstein
Lonna,Liepina,6652 Ludington Lane,18/10/2023,F,528-273-5721,lliepinaev@shinystat.com,22-670,Lilley
Meris,Strute,64 Tomscot Hill,05/01/2024,F,183-729-0381,mstruteew@wikipedia.org,38009 CEDEX 1,New England
Giff,Zapata,6 Dwight Alley,03/02/2024,M,533-135-6488,gzapataex@newyorker.com,06-102,Chisholm
Andres,Filippozzi,478 Longview Hill,13/01/2024,M,339-716-9161,afilippozziey@baidu.com,,Lalor
Tandi,Bresland,6253 Roxbury Road,10/06/2024,F,633-848-8196,tbreslandez@dmoz.org,,Hawke
Hanna,Tudge,50 South Junction,10/02/2024,F,359-296-5561,htudgef0@prlog.org,,Perth
Caddric,Conibear,721 Gina Court,07/04/2024,M,965-688-4473,cconibearf1@wunderground.com,,Riverina
Sindee,Libby,2001 Thackeray Alley,22/12/2023,F,127-443-8067,slibbyf2@imageshack.us,,Groom
Teri,Gorick,521 Waxwing Road,21/06/2024,F,140-915-0373,tgorickf3@washington.edu,96960,Lalor
Lissi,Glasheen,4 Elmside Drive,01/03/2024,F,425-586-1171,lglasheenf4@tiny.cc,3534,Monash
Celestina,Di Biasi,6 Barby Parkway,13/12/2023,F,126-516-1930,cdibiasif5@free.fr,45920-000,Newcastle
Ferdinande,Woolpert,5 Golf Center,12/11/2023,F,785-459-1280,fwoolpertf6@webnode.com,,Maribyrnong
Carlye,Rennles,04693 Shelley Hill,27/06/2024,F,398-986-3225,crennlesf7@telegraph.co.uk,,Cooper
Augusto,Measham,6 Del Mar Drive,04/11/2023,M,169-207-1209,ameashamf8@hhs.gov,,Bowman
Maureen,Riccione,856 Cambridge Crossing,02/09/2024,F,508-734-7167,mriccionef9@aboutads.info,403115,Macquarie
Fleming,Vauter,6178 Dottie Court,12/02/2024,M,451-546-7658,fvauterfa@vistaprint.com,,Moreton
Lind,Dicke,0417 Saint Paul Circle,03/12/2023,M,817-527-1416,ldickefb@parallels.com,0492,Hindmarsh
Lock,Garley,66091 Buhler Street,22/12/2023,M,850-854-5604,lgarleyfc@twitpic.com,58135-000,Parramatta
Jacquenette,Helian,7 Tony Street,13/07/2024,F,996-470-4514,jhelianfd@fotki.com,7090,Bennelong
Griffie,Pass,70 Norway Maple Circle,29/11/2023,M,397-712-6912,gpassfe@indiatimes.com,7509,Wentworth
Horace,Mattessen,72967 Sauthoff Court,13/09/2023,M,313-352-6400,hmattessenff@1und1.de,,Flinders
Annabell,Leijs,1 Chive Center,25/02/2024,F,490-170-6761,aleijsfg@flickr.com,47555 CEDEX,Cunningham
Phylys,Vost,0 Vermont Road,21/06/2024,F,749-373-8299,pvostfh@hhs.gov,1765,Canberra
Jeth,Otterwell,9813 Oriole Drive,27/04/2024,M,996-876-4618,jotterwellfi@seesaa.net,75321 CEDEX 07,Makin
Berti,Cory,24 Eastwood Park,22/09/2023,F,487-308-9944,bcoryfj@prlog.org,403 39,Menzies
Hannis,Holyard,81972 Washington Circle,14/01/2024,F,989-848-8971,hholyardfk@paginegialle.it,752 61,Newcastle
Robbyn,Tamburo,180 Valley Edge Avenue,22/03/2024,F,569-976-8978,rtamburofl@eepurl.com,,Moreton
Gipsy,Diboll,016 Green Ridge Place,19/04/2024,F,387-422-7367,gdibollfm@sfgate.com,19009,Fadden
Bogey,Natalie,12 Glacier Hill Pass,07/03/2024,M,449-425-4964,bnataliefn@google.de,453 41,Makin
Horatio,Lissimore,96 Veith Street,02/06/2024,M,152-445-4692,hlissimorefo@oaic.gov.au,25556,La Trobe
Shauna,Pietroni,280 Hayes Drive,05/08/2024,F,575-804-2990,spietronifp@bbb.org,,Macarthur
Julee,Ferneyhough,8020 Hanover Terrace,20/05/2024,F,827-250-0005,jferneyhoughfq@pbs.org,,Hinkler
Cosetta,Blakeney,37 Surrey Point,08/04/2024,F,388-347-6926,cblakeneyfr@alibaba.com,,Bruce
Robbert,Mines,1858 Butternut Junction,20/04/2024,M,874-617-2596,rminesfs@google.com,303167,Bean
Essy,Siemons,9407 Dryden Circle,22/12/2023,F,144-163-0044,esiemonsft@paginegialle.it,30280,Cook
Fielding,Arrol,11 Glacier Hill Alley,06/08/2024,M,698-275-8057,farrolfu@bing.com,,McPherson
Zerk,Chatelot,2 Tennessee Circle,20/12/2023,M,216-469-0347,zchatelotfv@homestead.com,21901,Farrer
Foss,Maycey,4 Golden Leaf Junction,22/04/2024,M,492-552-7879,fmayceyfw@github.com,,McEwen
Eleni,Blaisdale,46 Dunning Junction,02/10/2023,F,407-306-7120,eblaisdalefx@intel.com,,Blair
Jayson,Medina,98860 Reindahl Way,11/04/2024,M,476-825-1049,jmedinafy@prnewswire.com,,Grayndler
Enoch,Choppin,4 Melvin Drive,03/01/2024,M,293-248-4538,echoppinfz@so-net.ne.jp,,Reid
Eal,Thorrington,83760 Anhalt Avenue,24/04/2024,M,541-312-8340,ethorringtong0@360.cn,,Sturt
Domenic,Antrim,64 Nelson Pass,16/04/2024,M,629-958-4954,dantrimg1@huffingtonpost.com,,Cowan
Andonis,Longmore,300 Loftsgordon Parkway,26/09/2023,M,429-364-4723,alongmoreg2@wordpress.com,80190,Franklin
Gaylene,Foxton,36 Mandrake Point,28/08/2024,F,104-706-7731,gfoxtong3@intel.com,,North Sydney
Caroljean,Marran,46297 Fisk Parkway,19/11/2023,F,943-569-1745,cmarrang4@blogs.com,66-350,Robertson
Junie,Hinckley,7000 Fair Oaks Hill,21/01/2024,F,943-130-3442,jhinckleyg5@sitemeter.com,,Greenway
Wynn,Comsty,432 Everett Avenue,14/01/2024,F,978-590-5537,wcomstyg6@meetup.com,,Brand
Bernete,Rennels,607 Northport Alley,12/12/2023,F,801-775-9167,brennelsg7@usda.gov,82004 CEDEX,Kingsford Smith
Tiebold,Thonason,446 Ridgeview Hill,20/05/2024,M,777-195-2816,tthonasong8@apple.com,,Ballarat
Ermanno,Janota,600 Northfield Alley,20/03/2024,M,877-804-4203,ejanotag9@fc2.com,353624,Bonner
Tamera,Devas,06 Crescent Oaks Hill,13/12/2023,F,113-369-4623,tdevasga@netscape.com,4890-011,Barton
Brena,Musson,0502 Stang Hill,24/04/2024,F,953-519-9538,bmussongb@lycos.com,,Mayo
Bev,Windas,71261 Grim Road,25/04/2024,M,689-989-9659,bwindasgc@istockphoto.com,,Richmond
Erv,Shuttleworth,7650 Nevada Lane,21/03/2024,M,190-455-2600,eshuttleworthgd@yelp.com,,Dawson
Cloe,Dockery,908 Bobwhite Alley,14/08/2024,F,986-824-3579,cdockeryge@ucoz.ru,,Ballarat
Barron,Gunner,7 Fremont Junction,18/09/2023,M,269-974-7220,bgunnergf@angelfire.com,,Bass
Derk,Lightewood,23051 Eastlawn Parkway,30/11/2023,M,842-722-8025,dlightewoodgg@mashable.com,,Bean
Norrie,Errey,041 Toban Hill,16/11/2023,F,355-850-2674,nerreygh@ifeng.com,4930-250,Grayndler
Sammy,Semper,5577 Mosinee Point,01/03/2024,F,201-342-7038,ssempergi@upenn.edu,,Mayo
Claudette,Pimlett,1 Bultman Alley,05/05/2024,F,802-272-3853,cpimlettgj@arizona.edu,,Tangney
Salvador,Grishanin,0 Quincy Street,30/08/2024,M,286-112-5960,sgrishaningk@bandcamp.com,,Hawke
Analise,Siddell,33006 Morning Junction,02/05/2024,F,269-730-0872,asiddellgl@examiner.com,E4G,Griffith
Xenos,Glisane,96 Clyde Gallagher Place,14/12/2023,M,505-546-9021,xglisanegm@trellian.com,,Kooyong
Townsend,Fairy,823 Nobel Center,08/12/2023,M,438-665-1406,tfairygn@homestead.com,4435,Sturt
Bren,Spurdens,2602 Jenna Terrace,05/09/2023,M,690-165-4234,bspurdensgo@csmonitor.com,20180,Aston
Aprilette,Kalisz,79 Carberry Park,22/01/2024,F,931-540-9029,akaliszgp@desdev.cn,988-0273,Riverina
Shela,Croyden,8 Oriole Terrace,25/02/2024,F,873-125-5552,scroydengq@marketwatch.com,,Bass
Lamar,Guyonneau,9 Transport Crossing,23/06/2024,M,389-850-0378,lguyonneaugr@prnewswire.com,,Bean
Felizio,Sarchwell,86 Bartelt Drive,03/04/2024,M,613-152-8425,fsarchwellgs@cbsnews.com,,Grey
Adolphe,Lescop,19 Mesta Avenue,16/03/2024,M,568-630-6776,alescopgt@is.gd,,Tangney
Diana,Davidofski,0 Knutson Alley,13/05/2024,F,152-342-2044,ddavidofskigu@booking.com,,Grayndler
Rivi,Janouch,133 Eagan Lane,16/01/2024,F,366-524-6867,rjanouchgv@va.gov,,Boothby
Eadmund,Berling,62378 Nancy Junction,29/04/2024,M,381-827-0386,eberlinggw@craigslist.org,78061 CEDEX,Indi
Brittney,Glanz,4619 Canary Junction,22/11/2023,F,514-477-0592,bglanzgx@state.tx.us,,Fadden
Rafferty,O'Cooney,307 Heath Drive,13/11/2023,M,315-116-5484,rocooneygy@bravesites.com,,Berowra
Gayle,De Bellis,4 Fisk Parkway,24/09/2023,F,608-339-5493,gdebellisgz@go.com,,Wills
Norby,Ruseworth,54 Crescent Oaks Trail,30/09/2023,M,543-223-9828,nruseworthh0@ning.com,,Brisbane
Berky,Vanini,9 Westridge Center,05/02/2024,M,609-569-4196,bvaninih1@smugmug.com,2706,Berowra
Noam,Bourchier,235 Forest Dale Road,08/12/2023,M,865-485-0095,nbourchierh2@comcast.net,MD-5635,Paterson
Loutitia,Effaunt,64840 Eggendart Parkway,08/11/2023,F,145-650-4793,leffaunth3@jugem.jp,,Flinders
Terri,Lathy,2 Golf View Pass,11/02/2024,M,660-715-0191,tlathyh4@springer.com,11510,Fairfax
Adair,Dibnah,086 Bartelt Drive,03/11/2023,M,418-104-3772,adibnahh5@is.gd,88-180,Lyne
Tabbie,Pisculli,309 Jay Alley,27/03/2024,F,106-998-5966,tpiscullih6@techcrunch.com,,Calare
Eleanora,Johananoff,5222 Evergreen Way,31/07/2024,F,166-231-2446,ejohananoffh7@skype.com,,Indi
Tadeo,Hasely,04783 Magdeline Pass,16/11/2023,M,671-342-5736,thaselyh8@narod.ru,81373,Ryan
Piotr,Bean,76875 Oakridge Road,06/02/2024,M,130-965-1268,pbeanh9@deviantart.com,,Berowra
Alvan,Coysh,870 Grim Point,20/09/2023,M,160-791-5559,acoyshha@list-manage.com,,Solomon
Roosevelt,Boulden,05 Cody Alley,22/10/2023,M,814-373-5848,rbouldenhb@psu.edu,43226,Herbert
Gonzalo,Maciocia,52764 Forster Lane,06/01/2024,M,279-666-0366,gmaciociahc@kickstarter.com,788 05,Monash
Suzie,Tourot,2529 Cottonwood Drive,17/12/2023,F,100-586-7078,stourothd@drupal.org,08-301,Barker
Brad,O'Brollachain,82 Vahlen Circle,15/03/2024,M,477-605-2869,bobrollachainhe@edublogs.org,,Capricornia
Em,Craghead,527 Autumn Leaf Lane,21/11/2023,M,691-714-7966,ecragheadhf@skyrock.com,,Calare
Alisun,Bambrick,305 Bunker Hill Way,02/07/2024,F,206-290-8796,abambrickhg@elpais.com,652649,Makin
Birdie,Bending,92 Utah Court,09/02/2024,F,524-584-3925,bbendinghh@economist.com,,Bowman
Alonzo,Figgs,53155 Dwight Way,08/05/2024,M,182-393-5985,afiggshi@europa.eu,,Cook
Osborne,Christoffersen,39068 Amoth Hill,27/09/2023,M,551-318-2552,ochristoffersenhj@facebook.com,11114,Canberra
Federico,Casino,498 Carioca Alley,15/11/2023,M,396-443-2212,fcasinohk@clickbank.net,20960,Hunter
Inge,Rozycki,768 Emmet Avenue,06/10/2023,F,419-140-2788,irozyckihl@ebay.com,8301,Forrest
Gareth,Middlehurst,7552 Vernon Avenue,26/11/2023,M,991-570-9441,gmiddlehursthm@amazon.co.uk,,Flynn
Archy,Whittlesee,2 Oakridge Lane,26/10/2023,M,871-962-2677,awhittleseehn@hatena.ne.jp,739 23,Hotham
Paco,Buy,50 Fair Oaks Court,06/11/2023,M,761-163-1303,pbuyho@usatoday.com,8560,Banks
Silvia,Worster,670 Cascade Center,24/06/2024,F,466-312-7868,sworsterhp@tamu.edu,,Warringah
Odella,Suermeier,30 Arizona Lane,12/03/2024,F,709-527-6763,osuermeierhq@sina.com.cn,88610,Solomon
Herminia,Sarra,6855 Chive Terrace,08/09/2023,F,618-454-6579,hsarrahr@google.co.uk,802-0015,Gilmore
Garey,Cupitt,3022 Banding Junction,16/11/2023,M,574-947-0580,gcupitths@phoca.cz,,Moore
Leta,Hamil,722 Nevada Road,27/01/2024,F,321-694-9262,lhamilht@techcrunch.com,,Bendigo
Flin,Noel,9 Petterle Hill,20/08/2024,M,876-726-6727,fnoelhu@istockphoto.com,404 22,Hindmarsh
Ardella,Adderley,626 Meadow Ridge Center,27/02/2024,F,736-677-8812,aadderleyhv@google.com.br,182647,Mallee
Hadleigh,Farrer,94165 Sunfield Crossing,10/06/2024,M,521-268-0458,hfarrerhw@usatoday.com,,Bruce
Sky,Highwood,434 Dennis Junction,20/09/2023,M,679-659-0769,shighwoodhx@etsy.com,,Hindmarsh
Carling,Kiehl,4 Straubel Court,21/05/2024,M,299-763-7190,ckiehlhy@foxnews.com,47-330,Leichhardt
Denny,Molloy,166 Cherokee Park,29/03/2024,M,905-645-5656,dmolloyhz@barnesandnoble.com,701 81,Sturt
Burt,Moine,21 Bay Pass,29/11/2023,M,841-774-0396,bmoinei0@usatoday.com,1239,Paterson
Allan,MacEveley,469 Lakeland Parkway,28/10/2023,M,502-725-8080,amaceveleyi1@yellowbook.com,,Eden-Monaro
Aaren,Ivashnikov,29438 Basil Trail,25/11/2023,F,321-848-1834,aivashnikovi2@mapy.cz,,Wannon
Jocko,Nevett,08571 Forest Run Lane,26/07/2024,M,202-361-8949,jnevetti3@columbia.edu,20238,Flynn
Hilde,Jenyns,3602 Ryan Parkway,26/05/2024,F,197-577-6159,hjenynsi4@skype.com,,Calare
Sargent,Klimuk,28 Vahlen Point,05/02/2024,M,522-161-7394,sklimuki5@dion.ne.jp,,Kingsford Smith
Ravid,Cordery,7 Dakota Terrace,29/08/2024,M,887-485-8759,rcorderyi6@google.com,,Macnamara
Nichole,Pyzer,12275 Oriole Pass,07/09/2023,F,290-123-5743,npyzeri7@people.com.cn,91309 CEDEX,Lindsay
Lennard,Thomsson,998 Buena Vista Parkway,04/11/2023,M,874-993-9496,lthomssoni8@gmpg.org,606085,Calare
Silvain,Tyrer,4807 Namekagon Parkway,03/01/2024,M,816-472-2727,styreri9@friendfeed.com,,Hindmarsh
Eachelle,Tathacott,8 Elka Crossing,30/09/2023,F,817-544-2346,etathacottia@jimdo.com,88540-000,Wills
Dalila,Tewelson,8372 Lakeland Court,12/06/2024,F,594-130-6144,dtewelsonib@amazon.de,,Canberra
Normy,Hartle,48231 Randy Alley,25/06/2024,M,902-351-5284,nhartleic@dell.com,,Hotham
Agnes,Boodle,83602 Sutherland Avenue,29/07/2024,F,596-939-8500,aboodleid@tamu.edu,3309,Griffith
Agneta,Jeandot,4 Bonner Road,13/11/2023,F,771-575-0245,ajeandotie@friendfeed.com,,Paterson
Miguel,Coatts,26785 Rutledge Court,27/11/2023,M,463-748-0389,mcoattsif@deliciousdays.com,,Wide Bay
Berti,Sheddan,420 Talmadge Circle,19/11/2023,M,166-202-0030,bsheddanig@nbcnews.com,352000,Chisholm
Yankee,Haime,9267 Trailsway Avenue,26/08/2024,M,446-622-6409,yhaimeih@hud.gov,,Calwell
Wyndham,Mundall,85 Surrey Circle,17/09/2023,M,591-510-5351,wmundallii@admin.ch,,Macarthur
Ilario,Rivard,0 Glacier Hill Circle,26/02/2024,M,575-453-2983,irivardij@china.com.cn,,Cowan
Anitra,Trevor,6 Oakridge Avenue,12/10/2023,F,972-773-7897,atrevorik@engadget.com,5984,Makin
Binny,Shovelin,0 Farragut Lane,08/12/2023,F,499-413-5282,bshovelinil@storify.com,,Grayndler
Sayers,Catonne,606 Rowland Way,07/01/2024,M,787-861-5043,scatonneim@hostgator.com,,North Sydney
Benjamin,Pheazey,77155 Old Gate Terrace,08/04/2024,M,247-301-2746,bpheazeyin@lulu.com,353490,Richmond
Trula,Adamsen,830 Grayhawk Circle,31/03/2024,F,963-850-5694,tadamsenio@amazon.co.jp,473 01,Higgins
Elbertine,Boots,047 Sachs Trail,12/01/2024,F,723-285-3075,ebootsip@marriott.com,,Forrest
Archie,Dineges,5 Brickson Park Avenue,27/02/2024,M,927-476-7623,adinegesiq@clickbank.net,03016,Mitchell
Wilhelmine,Geerits,071 Roth Road,10/11/2023,F,833-473-4998,wgeeritsir@mayoclinic.com,3324,Fenner
Gretta,Potteridge,890 Ryan Trail,15/03/2024,F,263-493-7564,gpotteridgeis@godaddy.com,3105,Blair
Neddy,Rappa,339 Elmside Plaza,01/05/2024,M,870-657-0596,nrappait@boston.com,,Perth
Worthy,Bene,3 Amoth Crossing,18/11/2023,M,684-229-8432,wbeneiu@nytimes.com,,Newcastle
Franny,Giovannilli,7 Vera Hill,03/07/2024,F,726-912-9787,fgiovannilliiv@digg.com,,Casey
Killie,Cowndley,924 Mendota Plaza,13/02/2024,M,815-535-9204,kcowndleyiw@delicious.com,,Grey
Yolanthe,Hartzogs,2815 Bunker Hill Circle,15/05/2024,F,682-300-3905,yhartzogsix@wp.com,,Grey
Felice,Boyat,1238 Banding Center,03/07/2024,M,807-491-5375,fboyatiy@spotify.com,613310,Groom
Torry,Inchboard,9448 4th Alley,03/06/2024,M,831-671-5154,tinchboardiz@de.vu,4755-402,Forrest
Tristam,Tranter,1 Cottonwood Street,20/08/2024,M,912-470-6077,ttranterj0@unicef.org,37890-000,Ryan
Johannes,Jaffrey,92099 Hoard Pass,20/07/2024,M,363-315-5813,jjaffreyj1@bravesites.com,,Hasluck
Norbert,De Courtney,005 Norway Maple Plaza,29/08/2024,M,270-113-5185,ndecourtneyj2@ovh.net,,Lingiari
Jamil,Burk,577 Bultman Pass,27/09/2023,M,680-832-8710,jburkj3@apple.com,,Melbourne
Warde,Kisby,81 Del Sol Street,03/02/2024,M,964-416-9539,wkisbyj4@friendfeed.com,69880-000,Bruce
Early,Custard,30447 Ridge Oak Circle,16/04/2024,M,442-598-5664,ecustardj5@weather.com,731048,Barton
Mildrid,Lanchberry,9214 Westerfield Road,10/12/2023,F,698-315-7278,mlanchberryj6@digg.com,,Wide Bay
Yetty,Pickaver,5681 Texas Pass,16/04/2024,F,303-723-7826,ypickaverj7@youku.com,,Scullin
Cele,Akam,0568 Golf Parkway,09/11/2023,F,929-498-7467,cakamj8@google.com.br,,Parramatta
Nertie,Heffy,508 Jenifer Avenue,08/02/2024,F,883-364-1530,nheffyj9@ft.com,,Paterson
Ximenes,Sidwell,098 Merrick Park,02/05/2024,M,188-580-2883,xsidwellja@psu.edu,,Longman
Elvira,Vaadeland,53142 Nancy Street,25/05/2024,F,173-359-1272,evaadelandjb@goo.ne.jp,,Gellibrand
Fiona,Ivatt,7 Bay Lane,11/07/2024,F,760-938-2523,fivattjc@businesswire.com,6012,Goldstein
Cullin,Dorie,50 5th Drive,09/11/2023,M,646-174-4262,cdoriejd@mediafire.com,184 23,Kingston
Mark,Fenech,36 Hudson Place,31/05/2024,M,581-772-8289,mfenechje@economist.com,,Curtin
Aundrea,Ixor,7635 Welch Drive,18/04/2024,F,200-166-9256,aixorjf@flavors.me,301573,Rankin
Carleen,Satyford,81 Oneill Plaza,11/04/2024,F,394-579-2105,csatyfordjg@cam.ac.uk,,Lingiari
Garv,Rodden,35406 Lukken Alley,09/08/2024,M,219-962-9637,groddenjh@archive.org,2566,Canberra
Richardo,McGookin,3 Mandrake Street,17/05/2024,M,863-226-2850,rmcgookinji@livejournal.com,54800-000,Paterson
Therine,Sturridge,934 Killdeer Circle,12/01/2024,F,873-801-3363,tsturridgejj@msu.edu,3412,Parkes
John,Aphale,628 Hansons Way,25/06/2024,M,833-115-0058,japhalejk@chron.com,,Hume
Luciano,Didball,6 Granby Trail,28/08/2024,M,830-366-0749,ldidballjl@bizjournals.com,28-440,Ryan
Jorie,Reddihough,189 Fisk Street,28/12/2023,F,763-915-8046,jreddihoughjm@newsvine.com,22179,Canning
Sidonia,Bowart,9 Dayton Avenue,11/06/2024,F,236-929-5096,sbowartjn@yahoo.co.jp,,Lilley
Beniamino,Gethyn,871 Jackson Plaza,01/09/2024,M,224-566-9901,bgethynjo@parallels.com,,Newcastle
Marilee,Nairy,23 Roth Way,16/11/2023,F,955-398-6290,mnairyjp@reddit.com,,Kooyong
Dirk,Lunt,09 Erie Drive,25/04/2024,M,265-822-2669,dluntjq@amazonaws.com,,Kingston
Arlyne,Cathro,972 Mariners Cove Park,29/05/2024,F,429-467-2593,acathrojr@infoseek.co.jp,999-8241,Canberra
Amory,Dobie,2752 Linden Avenue,28/07/2024,M,913-706-0507,adobiejs@cnbc.com,96911,Dickson
Latisha,Pinnegar,2566 Rowland Junction,23/02/2024,F,573-663-0932,lpinnegarjt@mapquest.com,93401,Gippsland
Chrisse,Bispham,0774 Ridgeway Trail,28/02/2024,M,262-140-9062,cbisphamju@flavors.me,8420,Wide Bay
Deloria,Minshull,3 Fieldstone Terrace,01/11/2023,F,991-986-3703,dminshulljv@nbcnews.com,93909 CEDEX 9,Warringah
Witty,Londer,42 Lunder Drive,04/03/2024,M,252-423-0058,wlonderjw@posterous.com,,McMahon
Corrie,Addeycott,3 Clove Terrace,17/11/2023,F,648-278-4981,caddeycottjx@themeforest.net,624475,Sydney
Elissa,De Caroli,69 8th Avenue,11/05/2024,F,241-893-7555,edecarolijy@live.com,,Calare
Matthias,Peabody,55 Paget Road,16/01/2024,M,804-351-9147,mpeabodyjz@walmart.com,,Flinders
Kenneth,Roubeix,4 Duke Road,01/01/2024,M,679-659-4374,kroubeixk0@canalblog.com,,Hindmarsh
Kimberlee,Harber,945 Lakewood Gardens Junction,04/11/2023,F,642-138-2132,kharberk1@infoseek.co.jp,,Farrer
Ronnica,Huws,024 Jay Street,19/08/2024,F,143-871-4266,rhuwsk2@comcast.net,34-360,Herbert
Sayre,Guillerman,37238 Northwestern Parkway,14/09/2023,M,744-561-6166,sguillermank3@youtube.com,,Flynn
Coleman,Wanden,2 School Junction,25/09/2023,M,127-922-8139,cwandenk4@umich.edu,473008,Moore
Camilla,Tegler,59 Orin Street,17/12/2023,F,870-888-6563,cteglerk5@wisc.edu,692311,Griffith
Rriocard,Middleton,5 Lawn Lane,29/05/2024,M,626-164-3801,rmiddletonk6@nationalgeographic.com,91841,Page
Ennis,Nickols,6 Golden Leaf Alley,04/03/2024,M,156-822-0683,enickolsk7@rakuten.co.jp,,New England
Garek,Drakers,445 Clove Trail,29/12/2023,M,303-515-7968,gdrakersk8@examiner.com,10602,Moreton
Felic,Lonsbrough,85286 Delaware Place,30/01/2024,M,137-154-1889,flonsbroughk9@i2i.jp,6100,Canning
Howie,Lefwich,80 Rieder Road,05/11/2023,M,507-192-9265,hlefwichka@aboutads.info,,Wannon
Ignatius,Wearing,79 Tennyson Point,14/02/2024,M,876-698-7491,iwearingkb@google.com.br,,Watson
Fenelia,Elliott,84135 Memorial Hill,11/06/2024,F,414-393-3458,felliottkc@opera.com,7020,Oxley
Vassili,Ridd,9 Dorton Park,08/07/2024,M,445-514-4924,vriddkd@baidu.com,,Deakin
Frannie,Bilbrooke,9 Claremont Hill,24/02/2024,F,207-598-1645,fbilbrookeke@nbcnews.com,392999,Farrer
Dede,Cawson,94 Jay Hill,07/06/2024,F,111-972-7918,dcawsonkf@github.io,357311,Clark
Bobine,Vaux,0282 Heffernan Circle,31/08/2024,F,767-808-4694,bvauxkg@constantcontact.com,,Fisher
Clarance,Gonnely,6805 Mariners Cove Alley,24/01/2024,M,516-725-0301,cgonnelykh@meetup.com,30935 CEDEX 9,Dobell
Rand,Tabard,7 Florence Terrace,14/05/2024,M,523-962-4016,rtabardki@miitbeian.gov.cn,,Bennelong
Jayme,Hannent,66121 Tennyson Point,30/01/2024,F,760-347-2680,jhannentkj@japanpost.jp,,Newcastle
Bret,Verden,3 Mallory Crossing,19/04/2024,M,572-708-6351,bverdenkk@answers.com,7460-204,Blaxland
Theodosia,Splaven,7686 Buell Street,16/10/2023,F,205-845-4511,tsplavenkl@de.vu,35205,Oxley
Kendall,Jorgesen,7138 Summerview Point,22/06/2024,M,533-279-1639,kjorgesenkm@statcounter.com,788 32,Ryan
Anatole,Welton,842 Buell Circle,04/09/2023,M,493-774-3863,aweltonkn@youtu.be,60550,Calwell
Dru,Sapsed,469 Arizona Parkway,18/10/2023,F,896-140-9539,dsapsedko@ucsd.edu,,Lingiari
Nikola,Teligin,610 Gale Place,06/01/2024,M,349-762-6548,nteliginkp@miitbeian.gov.cn,5950,Franklin
Aristotle,Gotcliff,8 Continental Trail,11/10/2023,M,213-367-4671,agotcliffkq@multiply.com,90189,Wannon
Madalena,Salzberger,8 John Wall Street,11/02/2024,F,677-933-6765,msalzbergerkr@ezinearticles.com,,Moncrieff
Amaleta,MacCosty,3 Knutson Way,14/07/2024,F,406-773-0367,amaccostyks@wisc.edu,9630-224,Wannon
Anstice,Rains,6 Forest Run Hill,17/07/2024,F,671-905-6301,arainskt@springer.com,,Casey
Dusty,Wiseman,05611 Morning Avenue,30/08/2024,F,288-496-8977,dwisemanku@hostgator.com,72001,Maranoa
Aline,Tilbey,52125 Vera Point,06/11/2023,F,407-495-3007,atilbeykv@state.gov,78700-000,Braddon
Wendell,Millar,891 Melby Crossing,22/06/2024,M,401-485-6761,wmillarkw@microsoft.com,,Makin
Katlin,Cutridge,6456 Quincy Drive,14/09/2023,F,533-126-7298,kcutridgekx@ucla.edu,,Cooper
Vevay,Brisset,65 Prairie Rose Circle,21/11/2023,F,543-587-1989,vbrissetky@intel.com,,Paterson
Gene,Spratling,978 New Castle Hill,27/01/2024,M,145-321-6362,gspratlingkz@google.com.au,10602,Lingiari
Blancha,Scowcraft,059 Melody Park,16/05/2024,F,430-149-2824,bscowcraftl0@geocities.com,,Griffith
Bil,Baff,833 Lakewood Center,02/09/2024,M,485-203-6685,bbaffl1@unicef.org,,Moncrieff
Aryn,Duley,7 Pawling Avenue,06/10/2023,F,147-877-9682,aduleyl2@auda.org.au,,Wentworth
Hewe,Fellows,90 Johnson Road,16/05/2024,M,518-450-2184,hfellowsl3@un.org,,Franklin
Theresita,Birtchnell,89900 American Way,06/09/2023,F,497-514-9662,tbirtchnelll4@lycos.com,N0N,Robertson
Flem,Langhor,6147 Susan Circle,20/04/2024,M,266-979-3038,flanghorl5@bandcamp.com,2228,Dunkley
Egor,Braunter,9574 Mcguire Hill,01/11/2023,M,873-286-9297,ebraunterl6@nba.com,356235,Braddon
Ambros,Flancinbaum,2530 Sutherland Circle,05/04/2024,M,681-436-0111,aflancinbauml7@wsj.com,62800-000,Mackellar
Shir,Draye,25187 Fallview Drive,25/05/2024,F,919-650-4192,sdrayel8@hexun.com,,Wentworth
Jeri,Delle,78 Reinke Plaza,31/07/2024,F,771-836-7681,jdellel9@feedburner.com,,Mayo
Dalila,Yirrell,73258 Hanson Court,14/11/2023,F,938-572-8152,dyirrellla@sitemeter.com,,Blair
Felix,Puttnam,44 Welch Avenue,02/11/2023,M,329-131-3377,fputtnamlb@google.ru,788 16,Greenway
Dacie,O' Ronan,5 2nd Drive,08/12/2023,F,891-418-9026,doronanlc@istockphoto.com,,Brisbane
Enriqueta,Jouning,03749 Novick Street,30/05/2024,F,382-969-6060,ejouningld@omniture.com,,Bennelong
Britt,Trinke,93 Lindbergh Place,18/03/2024,F,702-181-2358,btrinkele@examiner.com,89550,Fairfax
Lacie,Beckson,65726 Portage Court,15/01/2024,F,170-901-1184,lbecksonlf@github.io,,Corangamite
Davide,Loache,3185 Mosinee Center,17/06/2024,M,793-108-4325,dloachelg@ning.com,3008,Mallee
Evangeline,Mosey,12 Hayes Street,20/02/2024,F,409-351-8751,emoseylh@stanford.edu,,Moncrieff
Don,Keeves,440 Sommers Center,24/03/2024,M,116-403-0585,dkeevesli@theglobeandmail.com,49290-000,Wentworth
Mahalia,Ambrosio,19048 Alpine Trail,24/09/2023,F,624-578-4027,mambrosiolj@blog.com,,Durack
Tildy,Thorneloe,506 Messerschmidt Trail,08/03/2024,F,837-217-2981,tthorneloelk@feedburner.com,,Pearce
Sherill,Hanwright,1355 Gateway Alley,12/09/2023,F,453-868-3970,shanwrightll@latimes.com,4712,Richmond
Kally,Ruxton,30705 Bultman Park,14/08/2024,F,181-646-0839,kruxtonlm@stanford.edu,215119,Warringah
Purcell,Bowcock,5105 Loeprich Circle,04/07/2024,M,968-324-7081,pbowcockln@domainmarket.com,,Flynn
Skylar,Mew,35 Brentwood Street,15/10/2023,M,919-736-7608,smewlo@hao123.com,27635,Longman
Justis,Poad,42 Schlimgen Court,28/04/2024,M,882-693-7166,jpoadlp@acquirethisname.com,,Scullin
Jess,Senecaux,78648 Hintze Crossing,16/01/2024,M,146-302-1791,jsenecauxlq@technorati.com,,Hume
Legra,Gayther,1 Summer Ridge Alley,29/05/2024,F,987-628-8682,lgaytherlr@theglobeandmail.com,,Goldstein
Rozele,Alenikov,2 Sunfield Hill,28/04/2024,F,585-813-9707,ralenikovls@ezinearticles.com,,Cowper
Randall,Cornewall,681 Paget Court,29/08/2024,M,960-839-6948,rcornewalllt@uiuc.edu,958-0052,Barton
Torin,Guile,1 Schurz Parkway,27/03/2024,M,631-565-7755,tguilelu@sciencedaily.com,303930,Blaxland
Trixi,Freckelton,7624 Pawling Crossing,06/11/2023,F,702-664-7775,tfreckeltonlv@bloglovin.com,89160,Canning
Rikki,Sindell,029 Becker Street,08/11/2023,M,423-195-1910,rsindelllw@va.gov,,Grayndler
Yorgo,Gipp,2 Eagle Crest Trail,27/11/2023,M,270-643-9831,ygipplx@gravatar.com,442185,Barker
Chloette,Vernon,5267 Hoepker Street,29/12/2023,F,972-512-6850,cvernonly@webs.com,,Groom
Brennan,Sand,68 Dixon Point,04/10/2023,M,727-184-2869,bsandlz@scientificamerican.com,,Capricornia
Diane,Haddeston,62728 Ryan Center,14/07/2024,F,328-197-3448,dhaddestonm0@nytimes.com,542 33,Oxley
Field,Frede,2 Jay Place,11/03/2024,M,244-929-7981,ffredem1@parallels.com,,Ballarat
Humberto,Goudard,5 Clove Trail,17/12/2023,M,685-136-9549,hgoudardm2@virginia.edu,143316,Ballarat
Brigit,Chalfont,3896 Pleasure Center,10/04/2024,F,197-401-7312,bchalfontm3@dell.com,4785-210,Kingston
Cindra,Owthwaite,9676 Orin Crossing,13/02/2024,F,890-960-4517,cowthwaitem4@fda.gov,,Forrest
Law,Cubbit,6630 Stephen Road,06/05/2024,M,863-406-7568,lcubbitm5@mediafire.com,,Goldstein
Benn,Lambotin,46 Knutson Road,07/03/2024,M,702-399-7530,blambotinm6@economist.com,89135,Macquarie
Alverta,Aisbett,63490 Charing Cross Crossing,10/10/2023,F,438-269-4141,aaisbettm7@census.gov,08030,Bowman
Clywd,Robrow,5206 4th Plaza,24/04/2024,M,153-837-4035,crobrowm8@acquirethisname.com,,Hasluck
Jarret,Alloisi,24 Buhler Drive,07/06/2024,M,882-716-1224,jalloisim9@gizmodo.com,051858,Forde
Hamish,Saenz,920 American Crossing,03/11/2023,M,200-192-3019,hsaenzma@europa.eu,,Ryan
Adelheid,Scripture,66 1st Pass,20/06/2024,F,168-917-2431,ascripturemb@eepurl.com,,Scullin
Beth,Gittis,81807 Elgar Way,23/01/2024,F,658-353-5431,bgittismc@miibeian.gov.cn,588 45,Moreton
Janine,Woodthorpe,8 La Follette Avenue,20/06/2024,F,942-498-8192,jwoodthorpemd@livejournal.com,,O'Connor
Lyndel,Paradyce,78494 Dayton Pass,14/10/2023,F,196-419-9862,lparadyceme@naver.com,,Moncrieff
Salomo,Wicken,95 Pine View Place,22/09/2023,M,348-962-7009,swickenmf@washingtonpost.com,J3Y,North Sydney
Rick,Huxster,19255 Jenifer Trail,16/06/2024,M,573-945-7018,rhuxstermg@ihg.com,,McEwen
Daisy,Ivakhnov,606 Linden Parkway,12/07/2024,F,595-505-2484,divakhnovmh@4shared.com,,Reid
Georgie,Briggdale,37502 Dixon Place,05/07/2024,M,911-569-6911,gbriggdalemi@amazon.com,769-0228,Barton
Tisha,Ruddy,75735 Fulton Way,23/11/2023,F,589-603-5770,truddymj@vinaora.com,276019,Watson
Shelley,Braunter,40 Waywood Way,07/01/2024,F,113-828-8434,sbrauntermk@mac.com,03055,Wills
Skipp,Mossop,124 Green Road,08/01/2024,M,271-118-2435,smossopml@mozilla.org,3111,Fisher
Ailey,Kleiser,0231 Lunder Trail,26/11/2023,F,862-803-7290,akleisermm@amazonaws.com,3718,Melbourne
Raychel,Glynne,17 1st Terrace,28/08/2024,F,472-732-3995,rglynnemn@amazon.co.jp,46-040,Mackellar
Gui,Briant,2 Summit Point,31/01/2024,F,650-875-0279,gbriantmo@edublogs.org,4760-018,Brisbane
Martie,Rubinow,01882 Manitowish Junction,15/08/2024,M,915-744-5546,mrubinowmp@hao123.com,,Macquarie
Simone,Kebbell,1 Everett Terrace,12/02/2024,M,920-461-2559,skebbellmq@google.com.hk,,Groom
Elie,Husselbee,9255 Burning Wood Point,12/09/2023,F,523-712-8124,ehusselbeemr@salon.com,183 30,McEwen
Dionne,Cheer,13544 Loomis Crossing,27/04/2024,F,986-287-3288,dcheerms@imageshack.us,439 07,Fraser
Addie,Bousfield,8491 Prentice Drive,03/09/2023,M,593-502-3878,abousfieldmt@xinhuanet.com,,Sydney
Elladine,Standingford,916 Emmet Terrace,22/02/2024,F,730-322-7481,estandingfordmu@booking.com,,Paterson
Stella,Crate,22 Dawn Place,30/08/2024,F,427-497-3111,scratemv@ucsd.edu,,Lilley
Aurlie,Wenderoth,4 Manufacturers Place,03/06/2024,F,935-759-7851,awenderothmw@tumblr.com,433 68,Clark
Thurston,Novak,900 Rieder Junction,24/11/2023,M,634-267-1825,tnovakmx@usnews.com,,Petrie
Erick,Davenport,1 Schmedeman Hill,06/04/2024,M,234-376-4296,edavenportmy@noaa.gov,363759,Mayo
Tara,Vayro,4 Surrey Plaza,15/09/2023,F,754-239-6707,tvayromz@shinystat.com,,Jagajaga
Sayre,Josiah,21 Hooker Point,08/06/2024,F,475-441-3403,sjosiahn0@netscape.com,7541,Scullin
Emmy,Westberg,93778 Dixon Way,30/11/2023,F,608-277-3425,ewestbergn1@oakley.com,4700,Wright
Ninette,Dionisio,9 Granby Junction,30/06/2024,F,232-321-8760,ndionision2@acquirethisname.com,7017,Groom
Leonardo,Chastan,266 Towne Avenue,03/08/2024,M,363-385-5883,lchastann3@furl.net,17690-000,O'Connor
Veda,Fickling,1662 Clove Road,04/02/2024,F,588-420-8304,vficklingn4@ustream.tv,,Moncrieff
Trudie,Spaule,05730 Pierstorff Center,01/09/2024,F,280-242-8285,tspaulen5@xinhuanet.com,,Hasluck
Lief,Iskov,3 Village Point,08/05/2024,M,663-512-9525,liskovn6@behance.net,,Capricornia
Hamid,Howat,7 Sage Road,10/04/2024,M,864-723-7346,hhowatn7@weibo.com,,Newcastle
Tersina,Jennions,0474 Maryland Street,03/10/2023,F,309-214-0920,tjennionsn8@npr.org,2580,Greenway
Gussi,Levens,13 Farwell Crossing,05/03/2024,F,660-100-2935,glevensn9@bravesites.com,,McPherson
Heindrick,Normanell,0627 Judy Junction,09/09/2023,M,904-118-0480,hnormanellna@nhs.uk,,Chifley
Esra,Gerhts,542 Manufacturers Parkway,03/01/2024,M,278-665-9967,egerhtsnb@amazon.com,,Oxley
Erl,Estabrook,9909 Anderson Court,03/03/2024,M,552-431-2952,eestabrooknc@microsoft.com,,Wannon
Kris,Whittuck,26 Corscot Center,27/05/2024,M,637-581-2499,kwhittucknd@census.gov,1074,Hasluck
Dennie,Lacroux,03113 Marcy Alley,28/04/2024,F,649-654-5313,dlacrouxne@weebly.com,,Bennelong
Angelika,Avrahamof,633 Algoma Circle,25/11/2023,F,100-995-6772,aavrahamofnf@wisc.edu,,Greenway
Katlin,Gurrado,018 Emmet Pass,12/10/2023,F,363-974-9622,kgurradong@webnode.com,4085,Kennedy
Brock,Rippon,752 Village Green Court,17/12/2023,M,586-816-8131,bripponnh@sourceforge.net,4207,Leichhardt
Sig,Eastridge,62843 Hollow Ridge Point,29/07/2024,M,510-797-0329,seastridgeni@nsw.gov.au,,Flinders
Gerhard,Asquez,69869 Thompson Road,04/09/2023,M,856-141-8483,gasqueznj@ebay.co.uk,,Hume
Krista,Cosbee,2145 Rowland Crossing,13/09/2023,F,391-483-7519,kcosbeenk@histats.com,,Calwell
Bessie,Queenborough,3623 Buhler Plaza,21/04/2024,F,723-661-1828,bqueenboroughnl@xinhuanet.com,,Eden-Monaro
Simonette,Wimbush,488 Warrior Road,01/05/2024,F,138-914-9460,swimbushnm@bbb.org,,Parramatta
Odette,Wyrill,34593 Lindbergh Plaza,18/06/2024,F,318-458-3266,owyrillnn@tuttocitta.it,,Maribyrnong
Griff,Lorie,99 Hermina Drive,29/05/2024,M,345-185-8197,glorieno@posterous.com,86730-000,Warringah
Lucian,Decourcy,39634 International Drive,22/07/2024,M,411-869-7466,ldecourcynp@irs.gov,,Fairfax
Lilia,Ilden,6 Truax Parkway,18/05/2024,F,496-463-2339,lildennq@npr.org,57404 CEDEX,Flinders
Talyah,Gilliland,6719 Bowman Park,24/11/2023,F,253-117-9629,tgillilandnr@blogtalkradio.com,,Herbert
Karlee,Scampion,74350 Cambridge Parkway,17/09/2023,F,846-519-1192,kscampionns@state.tx.us,431 63,La Trobe
Nikolaus,Shreenan,37094 Cordelia Circle,31/10/2023,M,564-651-8529,nshreenannt@foxnews.com,,Brisbane
Antonetta,Arnopp,18945 Granby Court,23/03/2024,F,632-901-8241,aarnoppnu@infoseek.co.jp,4600,Calare
Shirleen,Angliss,4943 American Terrace,27/11/2023,F,429-327-7896,sanglissnv@bing.com,74311 CEDEX,Bowman
Noland,Axleby,1290 Porter Place,05/06/2024,M,542-450-5619,naxlebynw@ow.ly,760 01,Richmond
Vivyanne,Scroyton,83083 Wayridge Point,16/11/2023,F,126-795-0504,vscroytonnx@flavors.me,,Cunningham
Archer,Postles,79184 Linden Alley,18/01/2024,M,884-504-4128,apostlesny@ameblo.jp,6326,Gilmore
Kevan,Manthroppe,184 Lillian Point,05/09/2023,M,469-857-0201,kmanthroppenz@patch.com,5155-505,Canning
Dulce,McDougal,9 Fordem Pass,26/10/2023,F,408-386-7614,dmcdougalo0@360.cn,,Richmond
Ware,Kirvell,10 Portage Avenue,28/12/2023,M,386-454-1531,wkirvello1@addthis.com,446729,Herbert
Christye,Yarham,243 Blue Bill Park Alley,01/06/2024,F,619-915-7817,cyarhamo2@uiuc.edu,,Kingston
Elisa,Pidgin,6 Petterle Drive,25/10/2023,F,506-654-5886,epidgino3@home.pl,501 88,Farrer
Elvis,Elfleet,36148 Hauk Parkway,05/04/2024,M,986-139-1835,eelfleeto4@cbc.ca,,Canberra
Sile,Pash,5762 Fallview Plaza,09/08/2024,F,274-654-5570,spasho5@pcworld.com,A98,Gorton
Vinny,Pitkeathly,0 Fair Oaks Way,28/06/2024,M,175-636-2147,vpitkeathlyo6@prlog.org,11104 CEDEX,Forrest
Adams,Polotti,39440 Brickson Park Point,19/07/2024,M,217-785-1147,apolottio7@dedecms.com,,Mackellar
Kailey,Levett,673 Grayhawk Place,24/12/2023,F,721-757-7825,klevetto8@printfriendly.com,,Berowra
Anjela,Izzatt,01188 Debs Drive,21/07/2024,F,398-967-8806,aizzatto9@mashable.com,,Macquarie
Bard,Readett,83 Dottie Way,14/06/2024,M,444-173-9067,breadettoa@mlb.com,2540-557,Isaacs
Waverly,Coudray,8 Bunting Terrace,05/01/2024,M,209-188-5520,wcoudrayob@cbc.ca,,Lingiari
Jared,Kempster,236 Sheridan Road,08/08/2024,M,552-591-8541,jkempsteroc@1688.com,89700-000,Calwell
Whittaker,Pittendreigh,98 Trailsway Way,05/07/2024,M,423-477-5164,wpittendreighod@webmd.com,22710,Gippsland
Drake,Bishop,04 Annamark Circle,09/01/2024,M,237-560-0098,dbishopoe@cmu.edu,283 31,Cunningham
Jordain,Collings,3730 Crowley Street,30/04/2024,F,647-308-1262,jcollingsof@vimeo.com,,Lyne
Roger,Mounce,7 Prairieview Hill,17/05/2024,M,749-767-9236,rmounceog@oakley.com,,Cowan
Pia,Cremen,81 Judy Junction,27/05/2024,F,401-475-0791,pcremenoh@liveinternet.ru,963-7856,Indi
Daveen,Philpots,94784 Transport Center,18/10/2023,F,476-459-3634,dphilpotsoi@businesswire.com,,Fisher
Neils,Szreter,2755 Coleman Center,29/06/2024,M,397-676-0884,nszreteroj@privacy.gov.au,,Calwell
Richmond,Fuchs,97 Eastwood Circle,14/09/2023,M,383-543-9908,rfuchsok@yolasite.com,,Ryan
Jeffie,Ainsworth,75282 Scoville Pass,15/10/2023,M,210-715-6294,jainsworthol@tiny.cc,,Lilley
Kale,Linggard,6 Anhalt Point,16/08/2024,M,976-377-5752,klinggardom@mediafire.com,,Macarthur
Randene,Baudet,48603 Bowman Junction,21/05/2024,F,443-274-9573,rbaudeton@dagondesign.com,1110,Deakin
Ashley,Chapell,80 Jenifer Lane,07/04/2024,F,795-238-4069,achapelloo@multiply.com,,Durack
Lothario,Walsom,158 Mosinee Place,22/06/2024,M,942-308-8044,lwalsomop@tuttocitta.it,4950,Flinders
Ingamar,Stenhouse,17 Karstens Lane,06/05/2024,M,544-183-3744,istenhouseoq@typepad.com,,Lyons
Alfredo,Bendon,446 Farmco Road,27/03/2024,M,932-704-0833,abendonor@vkontakte.ru,,Fairfax
Eve,Pulley,452 Welch Point,28/05/2024,F,587-582-0370,epulleyos@patch.com,,Hume
Ellwood,Whitnell,402 Thompson Parkway,12/01/2024,M,222-534-7707,ewhitnellot@adobe.com,142817,Mallee
Sheelah,Pacey,019 Chive Terrace,20/12/2023,F,339-170-3854,spaceyou@wsj.com,,Monash
Melania,Holttom,46700 La Follette Terrace,23/11/2023,F,974-386-7901,mholttomov@last.fm,,Berowra
Darb,Lyttle,1 Kinsman Alley,26/11/2023,M,618-176-8639,dlyttleow@stumbleupon.com,24081,Makin
Hilly,Lamperti,481 Harbort Circle,27/10/2023,M,462-318-7921,hlampertiox@state.tx.us,4525-406,Fenner
Cathe,Maffini,74 Bunker Hill Terrace,07/07/2024,F,807-574-9579,cmaffinioy@opera.com,3105,Gellibrand
Marie-jeanne,Jacobowitz,698 Merrick Terrace,12/07/2024,F,238-327-5607,mjacobowitzoz@ebay.co.uk,,Werriwa
Paten,Jellybrand,11 Old Shore Terrace,22/07/2024,M,709-960-4637,pjellybrandp0@prweb.com,,Franklin
Agnola,Dakers,74 Mockingbird Road,11/04/2024,F,689-832-9883,adakersp1@topsy.com,,Corangamite
Emmanuel,Carr,806 Sullivan Plaza,16/08/2024,M,185-491-2274,ecarrp2@usa.gov,2270,Wright
Ravi,Browncey,3688 Toban Point,10/10/2023,M,499-405-7977,rbrownceyp3@telegraph.co.uk,,Kennedy
Koressa,Forson,844 Cordelia Lane,06/02/2024,F,241-731-9891,kforsonp4@jigsy.com,,Casey
Brody,Braim,2 Service Pass,15/09/2023,M,621-489-2914,bbraimp5@nba.com,901993,Brisbane
Desmond,Miebes,78 Laurel Pass,27/05/2024,M,123-181-0445,dmiebesp6@indiatimes.com,,Kooyong
Rhody,Leyfield,8 Daystar Terrace,02/01/2024,F,836-816-1074,rleyfieldp7@hp.com,,Barton
Ivonne,Brade,915 Esch Terrace,30/09/2023,F,682-411-4142,ibradep8@360.cn,,Wright
Jameson,Milazzo,1 Manley Hill,30/03/2024,M,387-145-8075,jmilazzop9@photobucket.com,,Scullin
Garik,Kinton,119 Heffernan Trail,22/12/2023,M,460-205-0539,gkintonpa@vimeo.com,4021,Capricornia
Corrie,Van Halle,2 Carey Pass,27/06/2024,M,876-820-0077,cvanhallepb@tinyurl.com,5924,Monash
Wesley,Darycott,9 Sauthoff Trail,12/03/2024,M,904-378-2888,wdarycottpc@usnews.com,32236,Watson
Libby,Calcraft,556 Dixon Avenue,12/08/2024,F,403-794-0480,lcalcraftpd@miibeian.gov.cn,,Lalor
Taddeusz,Hars,12 Artisan Trail,13/09/2023,M,348-622-4338,tharspe@imageshack.us,79500-000,Fowler
Chip,Hurrell,89429 Stang Street,31/08/2024,M,880-957-0168,churrellpf@globo.com,2965-223,Lyne
Maude,Riach,867 Jay Place,08/01/2024,F,632-914-4007,mriachpg@columbia.edu,,Bradfield
Hagen,Sugden,0749 David Crossing,01/03/2024,M,992-741-6008,hsugdenph@vkontakte.ru,,Wright
Rodolph,Pippard,96 Summer Ridge Hill,23/09/2023,M,722-560-9206,rpippardpi@pinterest.com,,Bruce
Ryun,Woolsey,96 Main Trail,03/01/2024,M,900-320-2611,rwoolseypj@domainmarket.com,,Lindsay
Devlen,Lobley,93 Florence Park,26/07/2024,M,625-758-0402,dlobleypk@tmall.com,4225,Lingiari
Quentin,O'Fihily,3118 Lakeland Plaza,09/12/2023,M,181-722-1543,qofihilypl@cafepress.com,37487,Moreton
Brietta,Sturte,83 Ohio Plaza,14/08/2024,F,139-372-6851,bsturtepm@google.ru,2065-114,Gippsland
Omero,McCambridge,287 Warner Trail,05/03/2024,M,881-652-5781,omccambridgepn@skype.com,,Bowman
Stillmann,Sibthorp,30787 Bartillon Point,25/03/2024,M,280-118-5609,ssibthorppo@simplemachines.org,46140,La Trobe
Wileen,Phear,0000 Dovetail Crossing,16/06/2024,F,123-597-8202,wphearpp@cisco.com,356024,Macquarie
Hilary,Margett,0 Oakridge Alley,30/08/2024,F,351-636-8420,hmargettpq@issuu.com,403964,Fisher
Jessalyn,Haseley,1253 Dennis Center,25/01/2024,F,117-887-5868,jhaseleypr@google.es,,Calare
Raf,Gellan,333 Moulton Way,30/12/2023,F,857-899-2571,rgellanps@weather.com,,Chisholm
Etti,Basini-Gazzi,23262 Lakeland Center,08/02/2024,F,846-490-9748,ebasinigazzipt@alibaba.com,,Flynn
Berny,Geddes,8823 Merchant Street,03/11/2023,F,218-291-6551,bgeddespu@netscape.com,14040 CEDEX 4,Maribyrnong
Rowena,Rihanek,5578 Lakewood Trail,11/09/2023,F,488-939-0371,rrihanekpv@admin.ch,39180,Bowman
Merwyn,Portail,37822 Summit Alley,16/01/2024,M,914-195-0052,mportailpw@123-reg.co.uk,03017,Barton
Cchaddie,Shepley,1142 Mayer Place,22/03/2024,M,914-748-8787,cshepleypx@uiuc.edu,66019 CEDEX 9,Macnamara
Nancee,Dahmke,1 Ridgeview Court,11/04/2024,F,760-104-1452,ndahmkepy@ibm.com,,Melbourne
Lucien,Brayn,6 Vernon Park,20/03/2024,M,918-417-4011,lbraynpz@opensource.org,74184,Scullin
Silvan,Joe,60 Old Gate Junction,03/04/2024,M,496-612-7646,sjoeq0@oakley.com,6542,Moore
Roosevelt,Fazakerley,92707 Leroy Road,08/08/2024,M,259-835-8265,rfazakerleyq1@plala.or.jp,,Bowman
Coretta,Neads,06 Granby Alley,27/03/2024,F,935-867-5308,cneadsq2@nationalgeographic.com,461369,Wannon
Mace,Bickell,44784 Toban Hill,25/04/2024,M,495-435-3170,mbickellq3@newsvine.com,68780-000,Dunkley
Leonard,Stoakes,17572 Buhler Parkway,04/08/2024,M,519-270-5248,lstoakesq4@over-blog.com,6666,Cooper
Rosanne,Crim,92251 Kennedy Junction,20/07/2024,F,935-496-3578,rcrimq5@acquirethisname.com,,Parramatta
Phillipp,Walton,9 Bluestem Hill,01/08/2024,M,419-490-6056,pwaltonq6@eepurl.com,,Rankin
Brynna,Vivers,6204 Arizona Place,22/09/2023,F,303-204-4804,bviversq7@ask.com,80217,Hotham
Jayme,MacCracken,219 Prentice Center,22/02/2024,F,290-104-8198,jmaccrackenq8@tiny.cc,,Macarthur
Allyn,Mitroshinov,36 Warrior Parkway,15/10/2023,F,906-733-3419,amitroshinovq9@tuttocitta.it,,Indi
Peg,Starmer,37923 Anthes Terrace,01/05/2024,F,572-544-1526,pstarmerqa@wix.com,,Ballarat
Marcelle,Remington,183 Eagan Plaza,16/10/2023,F,207-340-6965,mremingtonqb@nationalgeographic.com,,Wentworth
Dory,Cliffe,53 Fuller Pass,05/04/2024,F,786-590-9657,dcliffeqc@goo.gl,,Hume
Sidney,Bresnen,2651 Forster Junction,17/05/2024,M,144-353-1872,sbresnenqd@usatoday.com,,Macquarie
Kristy,Pena,54 Gulseth Park,29/07/2024,F,321-221-3175,kpenaqe@ustream.tv,32835,La Trobe
Melisent,Brunicke,32447 Straubel Parkway,01/07/2024,F,496-818-8332,mbrunickeqf@devhub.com,,Holt
Erminia,Spadoni,8468 Lawn Alley,09/04/2024,F,551-972-2830,espadoniqg@privacy.gov.au,,Gellibrand
Adrea,Prujean,3004 Johnson Center,18/08/2024,F,886-401-2707,aprujeanqh@sourceforge.net,,Wide Bay
Ethelyn,Petschel,51788 Melody Terrace,30/06/2024,F,384-792-5230,epetschelqi@tripod.com,,Pearce
Jerry,Agiolfinger,3 Mayer Alley,06/03/2024,M,313-277-1038,jagiolfingerqj@umich.edu,,Forde
Mella,Bemment,05050 Shopko Circle,31/12/2023,F,318-870-6201,mbemmentqk@ebay.co.uk,H3R,Hinkler
Zane,Raspison,17026 Bayside Junction,04/12/2023,M,833-449-2572,zraspisonql@nifty.com,1718,North Sydney
Rourke,Peter,715 Main Trail,04/08/2024,M,551-136-0271,rpeterqm@alexa.com,,Cook
Thekla,Greenough,5834 Pine View Lane,31/05/2024,F,566-619-8464,tgreenoughqn@over-blog.com,668510,Bradfield
Bonnee,Bolte,78805 Arizona Trail,27/12/2023,F,626-582-1356,bbolteqo@pagesperso-orange.fr,,Lingiari
Gaylord,Humbell,6213 Lotheville Street,30/09/2023,M,625-289-1425,ghumbellqp@sciencedaily.com,B0L,Grey
Caddric,Errol,748 Tomscot Way,29/11/2023,M,472-256-5615,cerrolqq@xing.com,7015,La Trobe
Christine,Dimond,26346 Harper Park,23/11/2023,F,913-385-9884,cdimondqr@cocolog-nifty.com,57110,Gorton
Drusilla,Sevior,24 Moland Plaza,04/09/2023,F,840-235-3679,dseviorqs@is.gd,,Grey
Mel,Ballinghall,21498 Shoshone Street,12/12/2023,M,619-650-4278,mballinghallqt@nytimes.com,705039,Bennelong
Koo,Bettles,19 Daystar Parkway,27/06/2024,F,124-110-7785,kbettlesqu@sciencedaily.com,2005-033,Gippsland
Norman,Crawford,30044 Elmside Avenue,17/08/2024,M,388-527-5790,ncrawfordqv@mtv.com,301767,Fowler
Brina,Clutton,15910 Dunning Street,25/06/2024,F,408-632-6204,bcluttonqw@alexa.com,,Swan
Andonis,Drewery,39 Buena Vista Hill,24/09/2023,M,330-732-3396,adreweryqx@utexas.edu,,Kingsford Smith
Gale,Maciejak,429 Barnett Avenue,05/05/2024,F,923-798-8970,gmaciejakqy@typepad.com,,Oxley
Roobbie,Havard,775 Northwestern Road,27/12/2023,F,292-741-6133,rhavardqz@goo.gl,,Lalor
Jeffy,Lambrick,801 Ruskin Street,19/08/2024,M,129-678-6572,jlambrickr0@intel.com,,Holt
Albrecht,Kubu,3 Warrior Center,08/09/2023,M,580-202-4536,akubur1@amazon.co.jp,,Moreton
Aline,Chander,7 Bunting Avenue,09/02/2024,F,637-523-5197,achanderr2@examiner.com,51360,Fowler
Rees,Groocock,99 Hazelcrest Pass,01/09/2024,M,108-518-9339,rgroocockr3@vk.com,,Moore
Rancell,Poveleye,5 Holmberg Hill,22/07/2024,M,617-999-2369,rpoveleyer4@clickbank.net,142920,Cowper
Baily,Bretton,8 Gulseth Plaza,19/04/2024,M,483-163-4668,bbrettonr5@godaddy.com,,Flinders
Ernst,Nevet,0 Quincy Point,06/11/2023,M,386-161-9579,enevetr6@4shared.com,,Franklin
Michal,Dallison,84 Oxford Junction,23/08/2024,F,618-190-2633,mdallisonr7@rambler.ru,,Hughes
Calvin,Quinnell,0 Waywood Circle,04/10/2023,M,243-869-4645,cquinnellr8@pbs.org,,Newcastle
Janek,Corneck,03 Loomis Alley,02/07/2024,M,856-811-2174,jcorneckr9@vkontakte.ru,45004 CEDEX 1,Paterson
Janean,Shopcott,1 Thierer Parkway,01/03/2024,F,436-933-2430,jshopcottra@multiply.com,41380,Pearce
Ettore,Kramer,9755 Gulseth Place,07/05/2024,M,881-635-8131,ekramerrb@lulu.com,,Page
Rayner,Dumphry,3 Kipling Terrace,20/05/2024,M,411-296-6879,rdumphryrc@sfgate.com,,Canberra
Bartram,Mullin,739 Cherokee Circle,16/09/2023,M,109-155-7494,bmullinrd@cyberchimps.com,5047,Braddon
Ignatius,Massel,7287 Upham Trail,26/09/2023,M,719-750-9163,imasselre@census.gov,,Spence
Bord,Jannings,9979 Maple Place,27/02/2024,M,330-614-3881,bjanningsrf@1und1.de,,Mallee
Lusa,Doughill,783 Debs Street,31/05/2024,F,139-589-8336,ldoughillrg@answers.com,,Gilmore
Richy,Snell,71158 Shelley Avenue,14/03/2024,M,765-292-9734,rsnellrh@themeforest.net,17120-000,Melbourne
Menard,Mackleden,551 Thackeray Place,08/05/2024,M,747-420-1803,mmackledenri@tripadvisor.com,98831,La Trobe
Abby,Murie,1 Waywood Drive,14/09/2023,M,522-291-2088,amurierj@sbwire.com,97294 CEDEX 2,Barker
Bert,Keitch,7 Pond Road,18/12/2023,F,324-725-1673,bkeitchrk@sina.com.cn,,Bradfield
Andeee,Lequeux,63 Sachs Terrace,18/10/2023,F,939-491-6528,alequeuxrl@discuz.net,,Ballarat
Nanice,Rosiello,75200 Novick Parkway,30/12/2023,F,251-105-7959,nrosiellorm@about.me,822-0034,Reid
Shirlee,Philo,09412 Cambridge Hill,27/04/2024,F,789-520-1868,sphilorn@geocities.com,,Hinkler
Bentley,Haack,63755 Carey Point,17/02/2024,M,961-943-5486,bhaackro@4shared.com,,Dobell
Amye,Blatcher,277 Bartillon Point,04/04/2024,F,357-928-0589,ablatcherrp@tripadvisor.com,,Calare
Layla,Alabaster,1564 Brentwood Circle,01/04/2024,F,552-164-1776,lalabasterrq@mozilla.com,97279 CEDEX,Hughes
Clive,Yitzhok,45431 Sunnyside Street,22/05/2024,M,241-566-4656,cyitzhokrr@ted.com,05516,Chifley
